email,slack_username,lastname,name,department
icaulwell5n@xinhuanet.com,icaulwell5n,Caulwell,Ingaberg Caulwell,Business Development
gbeilby5o@yolasite.com,gbeilby5o,Beilby,Glynn Beilby,Human Resources
kgarvagh5p@google.com.hk,kgarvagh5p,Garvagh,Kimble Garvagh,Business Development
hnuzzti5q@privacy.gov.au,hnuzzti5q,Nuzzti,Hendrik Nuzzti,Research and Development
jsmewing5r@facebook.com,jsmewing5r,Smewing,Janith Smewing,Services
dgherardesci5s@businesswire.com,dgherardesci5s,Gherardesci,Dav Gherardesci,Product Management
mthonger5t@twitpic.com,mthonger5t,Thonger,Myrtle Thonger,Marketing
jmeach5u@studiopress.com,jmeach5u,Meach,Jarib Meach,Services
nlarive5v@huffingtonpost.com,nlarive5v,Larive,Natal Larive,Support
useakings5w@addthis.com,useakings5w,Seakings,Ulysses Seakings,Marketing
mdawkins5x@army.mil,mdawkins5x,Dawkins,Maegan Dawkins,Research and Development
gphipps5y@mysql.com,gphipps5y,Phipps,Guillaume Phipps,Training
gplum5z@msn.com,gplum5z,Plum,Gerty Plum,Support
kmuckleston60@youtube.com,kmuckleston60,Muckleston,Kassandra Muckleston,Human Resources
rroughey61@yale.edu,rroughey61,Roughey,Rhiamon Roughey,Product Management
eflooks62@gizmodo.com,eflooks62,Flooks,Emylee Flooks,Training
mwakefield63@ftc.gov,mwakefield63,Wakefield,Marissa Wakefield,Business Development
ffernandez64@bizjournals.com,ffernandez64,Fernandez,Franciska Fernandez,Human Resources
hbull65@sourceforge.net,hbull65,Bull,Hew Bull,Engineering
nfallanche66@rambler.ru,nfallanche66,Fallanche,Nichole Fallanche,Sales
smac67@e-recht24.de,smac67,Mac Giany,Sam Mac Giany,Marketing
tmainstone68@japanpost.jp,tmainstone68,Mainstone,Thain Mainstone,Legal
jpautot69@ibm.com,jpautot69,Pautot,Jonie Pautot,Business Development
ajeanon6a@java.com,ajeanon6a,Jeanon,Annmaria Jeanon,Human Resources
vstrettle6b@census.gov,vstrettle6b,Strettle,Viviyan Strettle,Human Resources
umenichelli6c@weibo.com,umenichelli6c,Menichelli,Ulrica Menichelli,Research and Development
asummersby6d@php.net,asummersby6d,Summersby,Alexandra Summersby,Marketing
gcraven6e@sakura.ne.jp,gcraven6e,Craven,Garwood Craven,Accounting
slambal6f@earthlink.net,slambal6f,Lambal,Sonja Lambal,Legal
mcrowley6g@etsy.com,mcrowley6g,Crowley,Merrill Crowley,Support
vcore6h@nps.gov,vcore6h,Core,Vinni Core,Services
rrown6i@mashable.com,rrown6i,Rown,Raquela Rown,Business Development
wivanuschka6j@netlog.com,wivanuschka6j,Ivanuschka,Wolf Ivanuschka,Accounting
celijahu6k@dedecms.com,celijahu6k,Elijahu,Chrysler Elijahu,Training
hsemble6l@ocn.ne.jp,hsemble6l,Semble,Hardy Semble,Services
bfawdrey6m@amazon.com,bfawdrey6m,Fawdrey,Brooks Fawdrey,Accounting
ccockshutt6n@archive.org,ccockshutt6n,Cockshutt,Clark Cockshutt,Accounting
smonk6o@discovery.com,smonk6o,Monk,Scot Monk,Services
gskerman6p@intel.com,gskerman6p,Skerman,Georgiana Skerman,Research and Development
ddundendale6q@example.com,ddundendale6q,Dundendale,David Dundendale,Sales
mredit6r@rambler.ru,mredit6r,Redit,Marty Redit,Services
eotuohy6s@comcast.net,eotuohy6s,O'Tuohy,Erek O'Tuohy,Accounting
cdrei6t@fastcompany.com,cdrei6t,Drei,Cory Drei,Training
ibelfit6u@apple.com,ibelfit6u,Belfit,Isabel Belfit,Services
frosingdall6v@flavors.me,frosingdall6v,Rosingdall,Francyne Rosingdall,Training
ecurtiss6w@cdc.gov,ecurtiss6w,Curtiss,Earl Curtiss,Services
lboylin6x@etsy.com,lboylin6x,Boylin,Lynn Boylin,Sales
lcostan6y@scientificamerican.com,lcostan6y,Costan,Lizette Costan,Legal
avalentin6z@ihg.com,avalentin6z,Valentin,Aili Valentin,Business Development
mdemaid70@bing.com,mdemaid70,Demaid,Maurice Demaid,Product Management
tcrevagh71@lycos.com,tcrevagh71,Crevagh,Torrie Crevagh,Support
dvela72@uiuc.edu,dvela72,Vela,David Vela,Product Management
esiddaley73@vimeo.com,esiddaley73,Siddaley,Elaine Siddaley,Legal
jpeacher74@macromedia.com,jpeacher74,Peacher,Jory Peacher,Product Management
varrow75@un.org,varrow75,Arrow,Valli Arrow,Training
abogey76@slashdot.org,abogey76,Bogey,Ariana Bogey,Support
gitzhaki77@cmu.edu,gitzhaki77,Itzhaki,Goraud Itzhaki,Marketing
saldine78@salon.com,saldine78,Aldine,Sibby Aldine,Services
bgroven79@artisteer.com,bgroven79,Groven,Bill Groven,Human Resources
rpalombi7a@jalbum.net,rpalombi7a,Palombi,Rainer Palombi,Research and Development
egauden7b@mail.ru,egauden7b,Gauden,Ethan Gauden,Engineering
kvaudin7c@trellian.com,kvaudin7c,Vaudin,Katrinka Vaudin,Marketing
cstraine7d@github.io,cstraine7d,Straine,Cecilius Straine,Product Management
dmackomb7e@spiegel.de,dmackomb7e,MacKomb,Dale MacKomb,Sales
cscholig7f@unesco.org,cscholig7f,Scholig,Chico Scholig,Sales
dwaterstone7g@theatlantic.com,dwaterstone7g,Waterstone,Domenico Waterstone,Engineering
lseniour7h@bloglines.com,lseniour7h,Seniour,Loren Seniour,Product Management
dgoscar7i@a8.net,dgoscar7i,Goscar,Derwin Goscar,Engineering
ccuttle7j@newyorker.com,ccuttle7j,Cuttle,Clotilda Cuttle,Research and Development
gpaiton7k@zimbio.com,gpaiton7k,Paiton,Garold Paiton,Accounting
svern7l@printfriendly.com,svern7l,Vern,Sonnie Vern,Services
aboulger7m@sun.com,aboulger7m,Boulger,Amalie Boulger,Support
bbackman7n@guardian.co.uk,bbackman7n,Backman,Bonita Backman,Sales
beagar7o@hibu.com,beagar7o,Eagar,Bertina Eagar,Support
gbiernat7p@bigcartel.com,gbiernat7p,Biernat,Gayler Biernat,Training
fklejin7q@ezinearticles.com,fklejin7q,Klejin,Fawn Klejin,Accounting
lcobby7r@google.cn,lcobby7r,Cobby,Lyda Cobby,Human Resources
hdakhov7s@biglobe.ne.jp,hdakhov7s,Dakhov,Hazlett Dakhov,Business Development
nfeasley7t@ed.gov,nfeasley7t,Feasley,Noelle Feasley,Legal
aantrim7u@godaddy.com,aantrim7u,Antrim,Alisa Antrim,Training
kambroisin7v@tinyurl.com,kambroisin7v,Ambroisin,Kalina Ambroisin,Research and Development
tgannon7w@uiuc.edu,tgannon7w,Gannon,Teddy Gannon,Research and Development
lclemens7x@bloglines.com,lclemens7x,Clemens,Lemar Clemens,Product Management
aboatwright7y@usda.gov,aboatwright7y,Boatwright,Amitie Boatwright,Support
yranyell7z@patch.com,yranyell7z,Ranyell,Yard Ranyell,Marketing
hocannavan80@archive.org,hocannavan80,O'Cannavan,Hervey O'Cannavan,Training
bclail81@lulu.com,bclail81,Clail,Barr Clail,Product Management
srollason82@bloglovin.com,srollason82,Rollason,Shaina Rollason,Marketing
nsheehy83@printfriendly.com,nsheehy83,Sheehy,Neille Sheehy,Marketing
ldrinkhall84@123-reg.co.uk,ldrinkhall84,Drinkhall,Lion Drinkhall,Support
osainz85@oracle.com,osainz85,Sainz,Oliviero Sainz,Accounting
asurgison86@vinaora.com,asurgison86,Surgison,Alyssa Surgison,Sales
gpeplaw87@si.edu,gpeplaw87,Peplaw,Greg Peplaw,Marketing
eelliker88@printfriendly.com,eelliker88,Elliker,Emelen Elliker,Accounting
ffautly89@uol.com.br,ffautly89,Fautly,Florance Fautly,Legal
lhensmans8a@foxnews.com,lhensmans8a,Hensmans,Ladonna Hensmans,Services
ddrewry8b@eepurl.com,ddrewry8b,Drewry,Drona Drewry,Business Development
msilcocks8c@ustream.tv,msilcocks8c,Silcocks,Matti Silcocks,Marketing
cattride8d@bluehost.com,cattride8d,Attride,Cacilie Attride,Support
dmillson8e@spotify.com,dmillson8e,Millson,Daune Millson,Legal
ghubbart8f@adobe.com,ghubbart8f,Hubbart,Gaelan Hubbart,Research and Development
crallinshaw8g@opensource.org,crallinshaw8g,Rallinshaw,Cordy Rallinshaw,Services
smuzzullo8h@webmd.com,smuzzullo8h,Muzzullo,Simonne Muzzullo,Support
esevern8i@ed.gov,esevern8i,Severn,Esdras Severn,Engineering
oaustwick8j@bluehost.com,oaustwick8j,Austwick,Oralia Austwick,Training
cdewer8k@pbs.org,cdewer8k,Dewer,Chariot Dewer,Accounting
ghamm8l@devhub.com,ghamm8l,Hamm,Gustavo Hamm,Legal
lconnaughton8m@weather.com,lconnaughton8m,Connaughton,Lin Connaughton,Legal
mbenditt8n@mysql.com,mbenditt8n,Benditt,Mollee Benditt,Business Development
rmott8o@ucoz.ru,rmott8o,Mott,Rick Mott,Marketing
emalsher8p@army.mil,emalsher8p,Malsher,Evaleen Malsher,Accounting
odonaghy8q@bing.com,odonaghy8q,Donaghy,Opal Donaghy,Business Development
msimcoe8r@1und1.de,msimcoe8r,Simcoe,Mady Simcoe,Training
dtitmarsh8s@sciencedirect.com,dtitmarsh8s,Titmarsh,Darrel Titmarsh,Product Management
ldemanche8t@unc.edu,ldemanche8t,Demanche,Linnea Demanche,Services
lfontanet8u@themeforest.net,lfontanet8u,Fontanet,Lee Fontanet,Research and Development
tstreight8v@php.net,tstreight8v,Streight,Tiphany Streight,Business Development
atwoohy8w@indiegogo.com,atwoohy8w,Twoohy,Andrew Twoohy,Business Development
hmacavddy8x@meetup.com,hmacavddy8x,MacAvddy,Herbie MacAvddy,Services
hdorbon8y@bbc.co.uk,hdorbon8y,Dorbon,Hale Dorbon,Business Development
idinley8z@google.ca,idinley8z,Dinley,Idaline Dinley,Marketing
jriddiough90@instagram.com,jriddiough90,Riddiough,Jasen Riddiough,Engineering
aruppel91@npr.org,aruppel91,Ruppel,Annadiana Ruppel,Business Development
bhappel92@acquirethisname.com,bhappel92,Happel,Bentley Happel,Accounting
awoodison93@simplemachines.org,awoodison93,Woodison,Auroora Woodison,Sales
tpyatt94@vinaora.com,tpyatt94,Pyatt,Tansy Pyatt,Training
aritchings95@vkontakte.ru,aritchings95,Ritchings,Andria Ritchings,Marketing
mayscough96@paginegialle.it,mayscough96,Ayscough,Marcy Ayscough,Marketing
snolleth97@fema.gov,snolleth97,Nolleth,Sephira Nolleth,Legal
rwaddam98@printfriendly.com,rwaddam98,Waddam,Roby Waddam,Engineering
ccuckoo99@surveymonkey.com,ccuckoo99,Cuckoo,Chelsie Cuckoo,Legal
phenniger9a@adobe.com,phenniger9a,Henniger,Pancho Henniger,Marketing
ipedlingham9b@ucoz.com,ipedlingham9b,Pedlingham,Inglebert Pedlingham,Business Development
mtaberer9c@home.pl,mtaberer9c,Taberer,Malachi Taberer,Services
dgreenaway9d@uiuc.edu,dgreenaway9d,Greenaway,Drusy Greenaway,Legal
wbramall9e@cyberchimps.com,wbramall9e,Bramall,Winnie Bramall,Business Development
mantonucci9f@nasa.gov,mantonucci9f,Antonucci,Myranda Antonucci,Marketing
tgronous9g@sina.com.cn,tgronous9g,Gronous,Trudey Gronous,Sales
wpasso9h@pbs.org,wpasso9h,Passo,Wallie Passo,Training
cpankhurst9i@ihg.com,cpankhurst9i,Pankhurst.,Caty Pankhurst.,Product Management
cthow9j@webmd.com,cthow9j,Thow,Caz Thow,Support
apotbury9k@springer.com,apotbury9k,Potbury,Arabel Potbury,Marketing
oodowgaine9l@e-recht24.de,oodowgaine9l,O'Dowgaine,Onofredo O'Dowgaine,Services
mfurber9m@ft.com,mfurber9m,Furber,Muriel Furber,Services
rsneesby9n@marriott.com,rsneesby9n,Sneesby,Rubin Sneesby,Marketing
srouzet9o@omniture.com,srouzet9o,Rouzet,Siobhan Rouzet,Product Management
chanster9p@indiegogo.com,chanster9p,Hanster,Catlee Hanster,Support
jhawken9q@nhs.uk,jhawken9q,Hawken,Jayson Hawken,Product Management
cde9r@example.com,cde9r,de Copeman,Carolyne de Copeman,Legal
bleefe9s@reddit.com,bleefe9s,Leefe,Bella Leefe,Sales
alongson9t@cnn.com,alongson9t,Longson,Aimee Longson,Human Resources
aharlowe9u@icq.com,aharlowe9u,Harlowe,Arabele Harlowe,Research and Development
dbodycomb9v@boston.com,dbodycomb9v,Bodycomb,Demetris Bodycomb,Legal
whansberry9w@theatlantic.com,whansberry9w,Hansberry,Winfield Hansberry,Marketing
wlarchiere9x@instagram.com,wlarchiere9x,Larchiere,Wally Larchiere,Marketing
cmackness9y@abc.net.au,cmackness9y,Mackness,Conchita Mackness,Legal
dabbe9z@yellowpages.com,dabbe9z,Abbe,Didi Abbe,Engineering
jcarbetta0@answers.com,jcarbetta0,Carbett,Joleen Carbett,Engineering
ebodya1@washington.edu,ebodya1,Body,Eustacia Body,Sales
mchama2@cloudflare.com,mchama2,Cham,Mirelle Cham,Sales
wpennycorda3@admin.ch,wpennycorda3,Pennycord,Warner Pennycord,Marketing
hsuatta4@ca.gov,hsuatta4,Suatt,Hester Suatt,Product Management
owinspara5@artisteer.com,owinspara5,Winspar,Octavius Winspar,Legal
hmaryskaa6@engadget.com,hmaryskaa6,Maryska,Hewitt Maryska,Human Resources
lsazioa7@businessinsider.com,lsazioa7,Sazio,Livvy Sazio,Marketing
knisslea8@boston.com,knisslea8,Nissle,Kathlin Nissle,Accounting
jcalafatea9@virginia.edu,jcalafatea9,Calafate,Jayme Calafate,Training
dquantrillaa@gravatar.com,dquantrillaa,Quantrill,Deana Quantrill,Services
ataylorsonab@upenn.edu,ataylorsonab,Taylorson,Alisha Taylorson,Marketing
dmcpeakeac@bigcartel.com,dmcpeakeac,McPeake,Dominic McPeake,Human Resources
aspeerad@un.org,aspeerad,Speer,Avivah Speer,Support
tshadfourthae@ezinearticles.com,tshadfourthae,Shadfourth,Tobit Shadfourth,Sales
tkornelaf@squarespace.com,tkornelaf,Kornel,Tomkin Kornel,Product Management
wwackleyag@squidoo.com,wwackleyag,Wackley,West Wackley,Services
jaleksankinah@imgur.com,jaleksankinah,Aleksankin,Joelly Aleksankin,Research and Development
whotchkinai@oracle.com,whotchkinai,Hotchkin,Willi Hotchkin,Business Development
