email,slack_username,lastname,name,department
tde0@nydailynews.com,tde0,De Vuyst,Tilda De Vuyst,Sales
cpeal1@123-reg.co.uk,cpeal1,Peal,Culver Peal,Sales
cgalbraith2@omniture.com,cgalbraith2,Galbraith,Caril Galbraith,Sales
tsimonite3@ihg.com,tsimonite3,Simonite,Tristan Simonite,Business Development
loglevie4@liveinternet.ru,loglevie4,Oglevie,Lee Oglevie,Sales
hdennidge5@photobucket.com,hdennidge5,Dennidge,Haroun Dennidge,Human Resources
gquaife6@1und1.de,gquaife6,Quaife,Giusto Quaife,Engineering
jgallamore7@delicious.com,jgallamore7,Gallamore,Jo Gallamore,Accounting
askewes8@gnu.org,askewes8,Skewes,Alfonse Skewes,Human Resources
rmergue9@nymag.com,rmergue9,Mergue,Radcliffe Mergue,Marketing
hgreastya@cdbaby.com,hgreastya,Greasty,Hollie Greasty,Support
dgraybealb@mozilla.com,dgraybealb,Graybeal,Dukie Graybeal,Human Resources
rdoumicc@reuters.com,rdoumicc,Doumic,Rivkah Doumic,Research and Development
shopkinsd@berkeley.edu,shopkinsd,Hopkins,Sissy Hopkins,Sales
drelfee@cisco.com,drelfee,Relfe,Dulcinea Relfe,Research and Development
fharlockf@joomla.org,fharlockf,Harlock,Florry Harlock,Human Resources
glipscombg@myspace.com,glipscombg,Lipscomb,Germaine Lipscomb,Accounting
ahindshawh@comcast.net,ahindshawh,Hindshaw,Arleyne Hindshaw,Accounting
vsidlei@goo.ne.jp,vsidlei,Sidle,Valina Sidle,Legal
pnorthwoodj@hostgator.com,pnorthwoodj,Northwood,Pail Northwood,Support
pweldk@meetup.com,pweldk,Weld,Pace Weld,Sales
ebickerl@addthis.com,ebickerl,Bicker,Emma Bicker,Research and Development
bklosm@nature.com,bklosm,Klos,Bee Klos,Engineering
nbaggianin@google.nl,nbaggianin,Baggiani,Nero Baggiani,Accounting
mdealtryo@sakura.ne.jp,mdealtryo,Dealtry,Malanie Dealtry,Services
lscullinp@statcounter.com,lscullinp,Scullin,Liam Scullin,Human Resources
rgotterq@opera.com,rgotterq,Gotter,Roseline Gotter,Engineering
rleutyr@nymag.com,rleutyr,Leuty,Ruthann Leuty,Marketing
rdods@walmart.com,rdods,Dod,Riannon Dod,Business Development
esherryt@instagram.com,esherryt,Sherry,Emmi Sherry,Training
ewestcarru@pcworld.com,ewestcarru,Westcarr,Ellie Westcarr,Sales
jbrosoliv@sciencedirect.com,jbrosoliv,Brosoli,Jasmine Brosoli,Business Development
bswitsurw@google.it,bswitsurw,Switsur,Bancroft Switsur,Marketing
ktrokex@forbes.com,ktrokex,Troke,Khalil Troke,Legal
acarrodusy@wix.com,acarrodusy,Carrodus,Alecia Carrodus,Accounting
aponnsettz@amazon.co.jp,aponnsettz,Ponnsett,Allene Ponnsett,Sales
jpeto10@smh.com.au,jpeto10,Peto,Jeanna Peto,Product Management
jlarkcum11@boston.com,jlarkcum11,Larkcum,Justen Larkcum,Training
rshafto12@elpais.com,rshafto12,Shafto,Rosalind Shafto,Legal
cort13@bbc.co.uk,cort13,Ort,Chip Ort,Training
jcapineer14@abc.net.au,jcapineer14,Capineer,Jeanna Capineer,Human Resources
bbinner15@mayoclinic.com,bbinner15,Binner,Barbaraanne Binner,Human Resources
mwyldbore16@washingtonpost.com,mwyldbore16,Wyldbore,Mala Wyldbore,Marketing
madanet17@sohu.com,madanet17,Adanet,Montgomery Adanet,Legal
kminchindon18@sbwire.com,kminchindon18,Minchindon,Kalie Minchindon,Training
jtrevenu19@sfgate.com,jtrevenu19,Trevenu,Josefa Trevenu,Human Resources
fgouldeby1a@geocities.jp,fgouldeby1a,Gouldeby,Flin Gouldeby,Research and Development
bossenna1b@sohu.com,bossenna1b,Ossenna,Benni Ossenna,Business Development
gcurrington1c@flickr.com,gcurrington1c,Currington,Glynis Currington,Human Resources
jpaintain1d@census.gov,jpaintain1d,Paintain,Jacquelynn Paintain,Services
bvincent1e@mapy.cz,bvincent1e,Vincent,Bendicty Vincent,Human Resources
camanger1f@mashable.com,camanger1f,aManger,Caressa aManger,Accounting
bgoody1g@people.com.cn,bgoody1g,Goody,Bernelle Goody,Product Management
lharkness1h@kickstarter.com,lharkness1h,Harkness,Lovell Harkness,Human Resources
adrysdell1i@cocolog-nifty.com,adrysdell1i,Drysdell,Augie Drysdell,Business Development
geakley1j@jimdo.com,geakley1j,Eakley,Gerianna Eakley,Legal
lmorin1k@dyndns.org,lmorin1k,Morin,Lusa Morin,Research and Development
cgouny1l@mediafire.com,cgouny1l,Gouny,Coraline Gouny,Marketing
dhadlington1m@jugem.jp,dhadlington1m,Hadlington,Dedra Hadlington,Product Management
tmactrustram1n@jigsy.com,tmactrustram1n,MacTrustram,Tibold MacTrustram,Support
atrathen1o@webmd.com,atrathen1o,Trathen,Aleta Trathen,Support
tvertey1p@mozilla.org,tvertey1p,Vertey,Tiler Vertey,Support
rdoughartie1q@sakura.ne.jp,rdoughartie1q,Doughartie,Reggis Doughartie,Services
wjewster1r@army.mil,wjewster1r,Jewster,Win Jewster,Human Resources
sdohms1s@webs.com,sdohms1s,Dohms,Shanta Dohms,Sales
wfain1t@gnu.org,wfain1t,Fain,Waldemar Fain,Legal
ebalnaves1u@furl.net,ebalnaves1u,Balnaves,Esteban Balnaves,Business Development
tanersen1v@hhs.gov,tanersen1v,Anersen,Tedman Anersen,Engineering
miacopo1w@hexun.com,miacopo1w,Iacopo,Marsiella Iacopo,Engineering
tclamp1x@ca.gov,tclamp1x,Clamp,Talya Clamp,Services
fmeiklam1y@go.com,fmeiklam1y,Meiklam,Farris Meiklam,Training
rgemmell1z@blinklist.com,rgemmell1z,Gemmell,Reynold Gemmell,Business Development
heaster20@bing.com,heaster20,Easter,Hanna Easter,Product Management
cormrod21@amazon.com,cormrod21,Ormrod,Carmela Ormrod,Support
sworwood22@zdnet.com,sworwood22,Worwood,Sherm Worwood,Legal
scorser23@chronoengine.com,scorser23,Corser,Sammy Corser,Support
sreek24@youku.com,sreek24,Reek,Stepha Reek,Sales
aaddie25@booking.com,aaddie25,Addie,Arnoldo Addie,Training
jmountney26@domainmarket.com,jmountney26,Mountney,Juliann Mountney,Support
ddewfall27@dion.ne.jp,ddewfall27,Dewfall,Dorothy Dewfall,Business Development
deusden28@fda.gov,deusden28,Eusden,Duffy Eusden,Marketing
cvinecombe29@about.com,cvinecombe29,Vinecombe,Chelsey Vinecombe,Training
lgoade2a@buzzfeed.com,lgoade2a,Goade,Lulu Goade,Marketing
jacuna2b@elpais.com,jacuna2b,Acuna,Joice Acuna,Human Resources
estarkie2c@feedburner.com,estarkie2c,Starkie,Evelyn Starkie,Research and Development
sramalhete2d@icio.us,sramalhete2d,Ramalhete,Sophronia Ramalhete,Engineering
bgabbett2e@blog.com,bgabbett2e,Gabbett,Becca Gabbett,Support
cflieger2f@marriott.com,cflieger2f,Flieger,Conn Flieger,Product Management
cmcfarlan2g@arstechnica.com,cmcfarlan2g,McFarlan,Colan McFarlan,Engineering
emetcalf2h@chronoengine.com,emetcalf2h,Metcalf,Eda Metcalf,Business Development
rcordsen2i@devhub.com,rcordsen2i,Cordsen,Rollins Cordsen,Services
ctaffrey2j@independent.co.uk,ctaffrey2j,Taffrey,Cart Taffrey,Sales
kgallen2k@sitemeter.com,kgallen2k,Gallen,Korrie Gallen,Business Development
mmuro2l@unc.edu,mmuro2l,Muro,Marcus Muro,Marketing
mmathes2m@fda.gov,mmathes2m,Mathes,Mitzi Mathes,Product Management
agoult2n@businessweek.com,agoult2n,Goult,Aindrea Goult,Accounting
galenshev2o@theguardian.com,galenshev2o,Alenshev,Guillema Alenshev,Marketing
dpeirone2p@wsj.com,dpeirone2p,Peirone,Drusie Peirone,Services
ao2q@qq.com,ao2q,O' Dornan,Artemis O' Dornan,Human Resources
dkeat2r@engadget.com,dkeat2r,Keat,Damian Keat,Support
rwinspire2s@wired.com,rwinspire2s,Winspire,Randi Winspire,Training
prandal2t@kickstarter.com,prandal2t,Randal,Padriac Randal,Human Resources
hbultitude2u@weather.com,hbultitude2u,Bultitude,Heinrik Bultitude,Marketing
cmcgray2v@noaa.gov,cmcgray2v,McGray,Caldwell McGray,Marketing
iknights2w@fotki.com,iknights2w,Knights,Ibbie Knights,Engineering
rdjekic2x@bloglines.com,rdjekic2x,Djekic,Reece Djekic,Marketing
mhanaford2y@craigslist.org,mhanaford2y,Hanaford,Mabelle Hanaford,Product Management
lmcalpine2z@microsoft.com,lmcalpine2z,McAlpine,Lalo McAlpine,Product Management
iwhitnell30@washington.edu,iwhitnell30,Whitnell,Ignacio Whitnell,Legal
zlissett31@marriott.com,zlissett31,Lissett,Zarla Lissett,Human Resources
acollcott32@sfgate.com,acollcott32,Collcott,Aylmar Collcott,Services
lbernaldo33@vimeo.com,lbernaldo33,Bernaldo,Lambert Bernaldo,Support
cspellecy34@chronoengine.com,cspellecy34,Spellecy,Cammy Spellecy,Training
asmedley35@infoseek.co.jp,asmedley35,Smedley,Aurilia Smedley,Engineering
xbiskupski36@scientificamerican.com,xbiskupski36,Biskupski,Xena Biskupski,Product Management
mmessitt37@bloomberg.com,mmessitt37,Messitt,Mirabella Messitt,Business Development
djonah38@admin.ch,djonah38,Jonah,Dimitri Jonah,Accounting
jreary39@naver.com,jreary39,Reary,Jobi Reary,Legal
mescalante3a@squidoo.com,mescalante3a,Escalante,Minne Escalante,Accounting
tchittock3b@walmart.com,tchittock3b,Chittock,Tamiko Chittock,Human Resources
grabl3c@springer.com,grabl3c,Rabl,Gale Rabl,Support
mpiechnik3d@deliciousdays.com,mpiechnik3d,Piechnik,Marcellus Piechnik,Accounting
twentworth3e@ted.com,twentworth3e,Wentworth,Timi Wentworth,Business Development
fbanghe3f@wix.com,fbanghe3f,Banghe,Fidelia Banghe,Accounting
lllelweln3g@skyrock.com,lllelweln3g,LLelweln,Lucina LLelweln,Marketing
mblaycock3h@dell.com,mblaycock3h,Blaycock,Marylee Blaycock,Research and Development
xscipsey3i@drupal.org,xscipsey3i,Scipsey,Xerxes Scipsey,Product Management
rgheorghe3j@parallels.com,rgheorghe3j,Gheorghe,Rab Gheorghe,Sales
ojiri3k@xinhuanet.com,ojiri3k,Jiri,Onfre Jiri,Support
lcreed3l@ox.ac.uk,lcreed3l,Creed,Lotti Creed,Accounting
wbaglow3m@eepurl.com,wbaglow3m,Baglow,Weider Baglow,Engineering
kkleynermans3n@chronoengine.com,kkleynermans3n,Kleynermans,Kimberley Kleynermans,Research and Development
joxtiby3o@google.ru,joxtiby3o,Oxtiby,Jacquelyn Oxtiby,Research and Development
efeldman3p@parallels.com,efeldman3p,Feldman,Emlynn Feldman,Services
fmcterlagh3q@ucoz.com,fmcterlagh3q,McTerlagh,Felice McTerlagh,Product Management
ntodd3r@surveymonkey.com,ntodd3r,Todd,Nowell Todd,Human Resources
amatteuzzi3s@list-manage.com,amatteuzzi3s,Matteuzzi,Austin Matteuzzi,Research and Development
hmateus3t@netlog.com,hmateus3t,Mateus,Hieronymus Mateus,Support
cporcas3u@e-recht24.de,cporcas3u,Porcas,Cristiano Porcas,Human Resources
ostrangman3v@unc.edu,ostrangman3v,Strangman,Odilia Strangman,Services
mduckett3w@vkontakte.ru,mduckett3w,Duckett,Milli Duckett,Support
twisker3x@examiner.com,twisker3x,Wisker,Tandi Wisker,Legal
mbrobak3y@un.org,mbrobak3y,Brobak,Marion Brobak,Sales
wpawelski3z@blogger.com,wpawelski3z,Pawelski,Willard Pawelski,Services
cblore40@twitpic.com,cblore40,Blore,Callida Blore,Marketing
fclark41@blogger.com,fclark41,Clark,Ford Clark,Sales
hgeistbeck42@sun.com,hgeistbeck42,Geistbeck,Harrison Geistbeck,Engineering
mstronghill43@about.com,mstronghill43,Stronghill,Margareta Stronghill,Training
tbenam44@nyu.edu,tbenam44,Benam,Templeton Benam,Accounting
mfillimore45@sakura.ne.jp,mfillimore45,Fillimore,Moselle Fillimore,Human Resources
wrizzardini46@technorati.com,wrizzardini46,Rizzardini,Wes Rizzardini,Sales
chanley47@theguardian.com,chanley47,Hanley,Charmian Hanley,Engineering
cmenhenitt48@tripod.com,cmenhenitt48,Menhenitt,Chere Menhenitt,Services
gcorbie49@miibeian.gov.cn,gcorbie49,Corbie,Grissel Corbie,Legal
lgillingham4a@aboutads.info,lgillingham4a,Gillingham,Lionel Gillingham,Human Resources
rahren4b@facebook.com,rahren4b,Ahren,Raimund Ahren,Accounting
jhamil4c@zimbio.com,jhamil4c,Hamil,Judi Hamil,Business Development
dpetera4d@macromedia.com,dpetera4d,Petera,Dagny Petera,Product Management
rcansdill4e@nba.com,rcansdill4e,Cansdill,Rodolphe Cansdill,Support
jpflieger4f@amazonaws.com,jpflieger4f,Pflieger,Joyan Pflieger,Services
rdoust4g@ocn.ne.jp,rdoust4g,Doust,Rose Doust,Training
ffavell4h@va.gov,ffavell4h,Favell,Field Favell,Accounting
dsprott4i@webmd.com,dsprott4i,Sprott,Dolores Sprott,Services
cmacmanus4j@cisco.com,cmacmanus4j,MacManus,Cristin MacManus,Training
lbanthorpe4k@umich.edu,lbanthorpe4k,Banthorpe,Luis Banthorpe,Accounting
rtullot4l@eepurl.com,rtullot4l,Tullot,Rosie Tullot,Accounting
ebutt4m@youtu.be,ebutt4m,Butt,Esma Butt,Training
wahrend4n@oakley.com,wahrend4n,Ahrend,Wadsworth Ahrend,Product Management
lfinders4o@xing.com,lfinders4o,Finders,Lissa Finders,Accounting
tstegel4p@nsw.gov.au,tstegel4p,Stegel,Teriann Stegel,Product Management
lbarszczewski4q@businessweek.com,lbarszczewski4q,Barszczewski,Lani Barszczewski,Training
glewens4r@dion.ne.jp,glewens4r,Lewens,Gretchen Lewens,Research and Development
dert4s@omniture.com,dert4s,Ert,Daniel Ert,Research and Development
rboissier4t@unicef.org,rboissier4t,Boissier,Ruperto Boissier,Product Management
zrevie4u@zimbio.com,zrevie4u,Revie,Zitella Revie,Human Resources
wbradock4v@vk.com,wbradock4v,Bradock,Wit Bradock,Human Resources
sattenborrow4w@odnoklassniki.ru,sattenborrow4w,Attenborrow,Sisile Attenborrow,Engineering
efransemai4x@google.com.br,efransemai4x,Fransemai,Edsel Fransemai,Accounting
tfowlestone4y@google.pl,tfowlestone4y,Fowlestone,Tina Fowlestone,Training
mcaldera4z@ihg.com,mcaldera4z,Caldera,Mimi Caldera,Engineering
ahartfield50@oaic.gov.au,ahartfield50,Hartfield,Athene Hartfield,Business Development
areboulet51@utexas.edu,areboulet51,Reboulet,Ambrosius Reboulet,Product Management
cdurden52@deviantart.com,cdurden52,Durden,Connie Durden,Marketing
sgrimestone53@163.com,sgrimestone53,Grimestone,Selestina Grimestone,Training
cbrumbie54@phoca.cz,cbrumbie54,Brumbie,Clovis Brumbie,Business Development
kgoodbar55@csmonitor.com,kgoodbar55,Goodbar,Kelby Goodbar,Human Resources
dkummerlowe56@shop-pro.jp,dkummerlowe56,Kummerlowe,Dorena Kummerlowe,Engineering
mgavini57@kickstarter.com,mgavini57,Gavini,Merrie Gavini,Product Management
jornils58@tripadvisor.com,jornils58,Ornils,Jerome Ornils,Research and Development
frevington59@macromedia.com,frevington59,Revington,Forbes Revington,Accounting
emcgloin5a@cbsnews.com,emcgloin5a,McGloin,Elton McGloin,Research and Development
lalmon5b@sbwire.com,lalmon5b,Almon,Louisa Almon,Training
rbrundrett5c@upenn.edu,rbrundrett5c,Brundrett,Rurik Brundrett,Research and Development
ojewer5d@ustream.tv,ojewer5d,Jewer,Orlando Jewer,Human Resources
blanon5e@constantcontact.com,blanon5e,Lanon,Bruno Lanon,Engineering
dbengoechea5f@instagram.com,dbengoechea5f,Bengoechea,Dorian Bengoechea,Services
vtugwell5g@businessinsider.com,vtugwell5g,Tugwell,Vinson Tugwell,Legal
proget5h@arstechnica.com,proget5h,Roget,Puff Roget,Sales
abeare5i@ihg.com,abeare5i,Beare,Auroora Beare,Engineering
mgrindley5j@statcounter.com,mgrindley5j,Grindley,Manon Grindley,Marketing
cpaine5k@cyberchimps.com,cpaine5k,Paine,Claudie Paine,Services
sgeaveny5l@ameblo.jp,sgeaveny5l,Geaveny,Sharron Geaveny,Accounting
kroulston5m@hexun.com,kroulston5m,Roulston,Karlotta Roulston,Product Management
icaulwell5n@xinhuanet.com,icaulwell5n,Caulwell,Ingaberg Caulwell,Business Development
gbeilby5o@yolasite.com,gbeilby5o,Beilby,Glynn Beilby,Human Resources
kgarvagh5p@google.com.hk,kgarvagh5p,Garvagh,Kimble Garvagh,Business Development
hnuzzti5q@privacy.gov.au,hnuzzti5q,Nuzzti,Hendrik Nuzzti,Research and Development
jsmewing5r@facebook.com,jsmewing5r,Smewing,Janith Smewing,Services
dgherardesci5s@businesswire.com,dgherardesci5s,Gherardesci,Dav Gherardesci,Product Management
mthonger5t@twitpic.com,mthonger5t,Thonger,Myrtle Thonger,Marketing
jmeach5u@studiopress.com,jmeach5u,Meach,Jarib Meach,Services
nlarive5v@huffingtonpost.com,nlarive5v,Larive,Natal Larive,Support
useakings5w@addthis.com,useakings5w,Seakings,Ulysses Seakings,Marketing
mdawkins5x@army.mil,mdawkins5x,Dawkins,Maegan Dawkins,Research and Development
gphipps5y@mysql.com,gphipps5y,Phipps,Guillaume Phipps,Training
gplum5z@msn.com,gplum5z,Plum,Gerty Plum,Support
kmuckleston60@youtube.com,kmuckleston60,Muckleston,Kassandra Muckleston,Human Resources
rroughey61@yale.edu,rroughey61,Roughey,Rhiamon Roughey,Product Management
eflooks62@gizmodo.com,eflooks62,Flooks,Emylee Flooks,Training
mwakefield63@ftc.gov,mwakefield63,Wakefield,Marissa Wakefield,Business Development
ffernandez64@bizjournals.com,ffernandez64,Fernandez,Franciska Fernandez,Human Resources
hbull65@sourceforge.net,hbull65,Bull,Hew Bull,Engineering
nfallanche66@rambler.ru,nfallanche66,Fallanche,Nichole Fallanche,Sales
smac67@e-recht24.de,smac67,Mac Giany,Sam Mac Giany,Marketing
tmainstone68@japanpost.jp,tmainstone68,Mainstone,Thain Mainstone,Legal
jpautot69@ibm.com,jpautot69,Pautot,Jonie Pautot,Business Development
ajeanon6a@java.com,ajeanon6a,Jeanon,Annmaria Jeanon,Human Resources
vstrettle6b@census.gov,vstrettle6b,Strettle,Viviyan Strettle,Human Resources
umenichelli6c@weibo.com,umenichelli6c,Menichelli,Ulrica Menichelli,Research and Development
asummersby6d@php.net,asummersby6d,Summersby,Alexandra Summersby,Marketing
gcraven6e@sakura.ne.jp,gcraven6e,Craven,Garwood Craven,Accounting
slambal6f@earthlink.net,slambal6f,Lambal,Sonja Lambal,Legal
mcrowley6g@etsy.com,mcrowley6g,Crowley,Merrill Crowley,Support
vcore6h@nps.gov,vcore6h,Core,Vinni Core,Services
rrown6i@mashable.com,rrown6i,Rown,Raquela Rown,Business Development
wivanuschka6j@netlog.com,wivanuschka6j,Ivanuschka,Wolf Ivanuschka,Accounting
celijahu6k@dedecms.com,celijahu6k,Elijahu,Chrysler Elijahu,Training
hsemble6l@ocn.ne.jp,hsemble6l,Semble,Hardy Semble,Services
bfawdrey6m@amazon.com,bfawdrey6m,Fawdrey,Brooks Fawdrey,Accounting
ccockshutt6n@archive.org,ccockshutt6n,Cockshutt,Clark Cockshutt,Accounting
smonk6o@discovery.com,smonk6o,Monk,Scot Monk,Services
gskerman6p@intel.com,gskerman6p,Skerman,Georgiana Skerman,Research and Development
ddundendale6q@example.com,ddundendale6q,Dundendale,David Dundendale,Sales
mredit6r@rambler.ru,mredit6r,Redit,Marty Redit,Services
eotuohy6s@comcast.net,eotuohy6s,O'Tuohy,Erek O'Tuohy,Accounting
cdrei6t@fastcompany.com,cdrei6t,Drei,Cory Drei,Training
ibelfit6u@apple.com,ibelfit6u,Belfit,Isabel Belfit,Services
frosingdall6v@flavors.me,frosingdall6v,Rosingdall,Francyne Rosingdall,Training
ecurtiss6w@cdc.gov,ecurtiss6w,Curtiss,Earl Curtiss,Services
lboylin6x@etsy.com,lboylin6x,Boylin,Lynn Boylin,Sales
lcostan6y@scientificamerican.com,lcostan6y,Costan,Lizette Costan,Legal
avalentin6z@ihg.com,avalentin6z,Valentin,Aili Valentin,Business Development
mdemaid70@bing.com,mdemaid70,Demaid,Maurice Demaid,Product Management
tcrevagh71@lycos.com,tcrevagh71,Crevagh,Torrie Crevagh,Support
dvela72@uiuc.edu,dvela72,Vela,David Vela,Product Management
esiddaley73@vimeo.com,esiddaley73,Siddaley,Elaine Siddaley,Legal
jpeacher74@macromedia.com,jpeacher74,Peacher,Jory Peacher,Product Management
varrow75@un.org,varrow75,Arrow,Valli Arrow,Training
abogey76@slashdot.org,abogey76,Bogey,Ariana Bogey,Support
gitzhaki77@cmu.edu,gitzhaki77,Itzhaki,Goraud Itzhaki,Marketing
saldine78@salon.com,saldine78,Aldine,Sibby Aldine,Services
bgroven79@artisteer.com,bgroven79,Groven,Bill Groven,Human Resources
rpalombi7a@jalbum.net,rpalombi7a,Palombi,Rainer Palombi,Research and Development
egauden7b@mail.ru,egauden7b,Gauden,Ethan Gauden,Engineering
kvaudin7c@trellian.com,kvaudin7c,Vaudin,Katrinka Vaudin,Marketing
cstraine7d@github.io,cstraine7d,Straine,Cecilius Straine,Product Management
dmackomb7e@spiegel.de,dmackomb7e,MacKomb,Dale MacKomb,Sales
cscholig7f@unesco.org,cscholig7f,Scholig,Chico Scholig,Sales
dwaterstone7g@theatlantic.com,dwaterstone7g,Waterstone,Domenico Waterstone,Engineering
lseniour7h@bloglines.com,lseniour7h,Seniour,Loren Seniour,Product Management
dgoscar7i@a8.net,dgoscar7i,Goscar,Derwin Goscar,Engineering
ccuttle7j@newyorker.com,ccuttle7j,Cuttle,Clotilda Cuttle,Research and Development
gpaiton7k@zimbio.com,gpaiton7k,Paiton,Garold Paiton,Accounting
svern7l@printfriendly.com,svern7l,Vern,Sonnie Vern,Services
aboulger7m@sun.com,aboulger7m,Boulger,Amalie Boulger,Support
bbackman7n@guardian.co.uk,bbackman7n,Backman,Bonita Backman,Sales
beagar7o@hibu.com,beagar7o,Eagar,Bertina Eagar,Support
gbiernat7p@bigcartel.com,gbiernat7p,Biernat,Gayler Biernat,Training
fklejin7q@ezinearticles.com,fklejin7q,Klejin,Fawn Klejin,Accounting
lcobby7r@google.cn,lcobby7r,Cobby,Lyda Cobby,Human Resources
hdakhov7s@biglobe.ne.jp,hdakhov7s,Dakhov,Hazlett Dakhov,Business Development
nfeasley7t@ed.gov,nfeasley7t,Feasley,Noelle Feasley,Legal
aantrim7u@godaddy.com,aantrim7u,Antrim,Alisa Antrim,Training
kambroisin7v@tinyurl.com,kambroisin7v,Ambroisin,Kalina Ambroisin,Research and Development
tgannon7w@uiuc.edu,tgannon7w,Gannon,Teddy Gannon,Research and Development
lclemens7x@bloglines.com,lclemens7x,Clemens,Lemar Clemens,Product Management
aboatwright7y@usda.gov,aboatwright7y,Boatwright,Amitie Boatwright,Support
yranyell7z@patch.com,yranyell7z,Ranyell,Yard Ranyell,Marketing
hocannavan80@archive.org,hocannavan80,O'Cannavan,Hervey O'Cannavan,Training
bclail81@lulu.com,bclail81,Clail,Barr Clail,Product Management
srollason82@bloglovin.com,srollason82,Rollason,Shaina Rollason,Marketing
nsheehy83@printfriendly.com,nsheehy83,Sheehy,Neille Sheehy,Marketing
ldrinkhall84@123-reg.co.uk,ldrinkhall84,Drinkhall,Lion Drinkhall,Support
osainz85@oracle.com,osainz85,Sainz,Oliviero Sainz,Accounting
asurgison86@vinaora.com,asurgison86,Surgison,Alyssa Surgison,Sales
gpeplaw87@si.edu,gpeplaw87,Peplaw,Greg Peplaw,Marketing
eelliker88@printfriendly.com,eelliker88,Elliker,Emelen Elliker,Accounting
ffautly89@uol.com.br,ffautly89,Fautly,Florance Fautly,Legal
lhensmans8a@foxnews.com,lhensmans8a,Hensmans,Ladonna Hensmans,Services
ddrewry8b@eepurl.com,ddrewry8b,Drewry,Drona Drewry,Business Development
msilcocks8c@ustream.tv,msilcocks8c,Silcocks,Matti Silcocks,Marketing
cattride8d@bluehost.com,cattride8d,Attride,Cacilie Attride,Support
dmillson8e@spotify.com,dmillson8e,Millson,Daune Millson,Legal
ghubbart8f@adobe.com,ghubbart8f,Hubbart,Gaelan Hubbart,Research and Development
crallinshaw8g@opensource.org,crallinshaw8g,Rallinshaw,Cordy Rallinshaw,Services
smuzzullo8h@webmd.com,smuzzullo8h,Muzzullo,Simonne Muzzullo,Support
esevern8i@ed.gov,esevern8i,Severn,Esdras Severn,Engineering
oaustwick8j@bluehost.com,oaustwick8j,Austwick,Oralia Austwick,Training
cdewer8k@pbs.org,cdewer8k,Dewer,Chariot Dewer,Accounting
ghamm8l@devhub.com,ghamm8l,Hamm,Gustavo Hamm,Legal
lconnaughton8m@weather.com,lconnaughton8m,Connaughton,Lin Connaughton,Legal
mbenditt8n@mysql.com,mbenditt8n,Benditt,Mollee Benditt,Business Development
rmott8o@ucoz.ru,rmott8o,Mott,Rick Mott,Marketing
emalsher8p@army.mil,emalsher8p,Malsher,Evaleen Malsher,Accounting
odonaghy8q@bing.com,odonaghy8q,Donaghy,Opal Donaghy,Business Development
msimcoe8r@1und1.de,msimcoe8r,Simcoe,Mady Simcoe,Training
dtitmarsh8s@sciencedirect.com,dtitmarsh8s,Titmarsh,Darrel Titmarsh,Product Management
ldemanche8t@unc.edu,ldemanche8t,Demanche,Linnea Demanche,Services
lfontanet8u@themeforest.net,lfontanet8u,Fontanet,Lee Fontanet,Research and Development
tstreight8v@php.net,tstreight8v,Streight,Tiphany Streight,Business Development
atwoohy8w@indiegogo.com,atwoohy8w,Twoohy,Andrew Twoohy,Business Development
hmacavddy8x@meetup.com,hmacavddy8x,MacAvddy,Herbie MacAvddy,Services
hdorbon8y@bbc.co.uk,hdorbon8y,Dorbon,Hale Dorbon,Business Development
idinley8z@google.ca,idinley8z,Dinley,Idaline Dinley,Marketing
jriddiough90@instagram.com,jriddiough90,Riddiough,Jasen Riddiough,Engineering
aruppel91@npr.org,aruppel91,Ruppel,Annadiana Ruppel,Business Development
bhappel92@acquirethisname.com,bhappel92,Happel,Bentley Happel,Accounting
awoodison93@simplemachines.org,awoodison93,Woodison,Auroora Woodison,Sales
tpyatt94@vinaora.com,tpyatt94,Pyatt,Tansy Pyatt,Training
aritchings95@vkontakte.ru,aritchings95,Ritchings,Andria Ritchings,Marketing
mayscough96@paginegialle.it,mayscough96,Ayscough,Marcy Ayscough,Marketing
snolleth97@fema.gov,snolleth97,Nolleth,Sephira Nolleth,Legal
rwaddam98@printfriendly.com,rwaddam98,Waddam,Roby Waddam,Engineering
ccuckoo99@surveymonkey.com,ccuckoo99,Cuckoo,Chelsie Cuckoo,Legal
phenniger9a@adobe.com,phenniger9a,Henniger,Pancho Henniger,Marketing
ipedlingham9b@ucoz.com,ipedlingham9b,Pedlingham,Inglebert Pedlingham,Business Development
mtaberer9c@home.pl,mtaberer9c,Taberer,Malachi Taberer,Services
dgreenaway9d@uiuc.edu,dgreenaway9d,Greenaway,Drusy Greenaway,Legal
wbramall9e@cyberchimps.com,wbramall9e,Bramall,Winnie Bramall,Business Development
mantonucci9f@nasa.gov,mantonucci9f,Antonucci,Myranda Antonucci,Marketing
tgronous9g@sina.com.cn,tgronous9g,Gronous,Trudey Gronous,Sales
wpasso9h@pbs.org,wpasso9h,Passo,Wallie Passo,Training
cpankhurst9i@ihg.com,cpankhurst9i,Pankhurst.,Caty Pankhurst.,Product Management
cthow9j@webmd.com,cthow9j,Thow,Caz Thow,Support
apotbury9k@springer.com,apotbury9k,Potbury,Arabel Potbury,Marketing
oodowgaine9l@e-recht24.de,oodowgaine9l,O'Dowgaine,Onofredo O'Dowgaine,Services
mfurber9m@ft.com,mfurber9m,Furber,Muriel Furber,Services
rsneesby9n@marriott.com,rsneesby9n,Sneesby,Rubin Sneesby,Marketing
srouzet9o@omniture.com,srouzet9o,Rouzet,Siobhan Rouzet,Product Management
chanster9p@indiegogo.com,chanster9p,Hanster,Catlee Hanster,Support
jhawken9q@nhs.uk,jhawken9q,Hawken,Jayson Hawken,Product Management
cde9r@example.com,cde9r,de Copeman,Carolyne de Copeman,Legal
bleefe9s@reddit.com,bleefe9s,Leefe,Bella Leefe,Sales
alongson9t@cnn.com,alongson9t,Longson,Aimee Longson,Human Resources
aharlowe9u@icq.com,aharlowe9u,Harlowe,Arabele Harlowe,Research and Development
dbodycomb9v@boston.com,dbodycomb9v,Bodycomb,Demetris Bodycomb,Legal
whansberry9w@theatlantic.com,whansberry9w,Hansberry,Winfield Hansberry,Marketing
wlarchiere9x@instagram.com,wlarchiere9x,Larchiere,Wally Larchiere,Marketing
cmackness9y@abc.net.au,cmackness9y,Mackness,Conchita Mackness,Legal
dabbe9z@yellowpages.com,dabbe9z,Abbe,Didi Abbe,Engineering
jcarbetta0@answers.com,jcarbetta0,Carbett,Joleen Carbett,Engineering
ebodya1@washington.edu,ebodya1,Body,Eustacia Body,Sales
mchama2@cloudflare.com,mchama2,Cham,Mirelle Cham,Sales
wpennycorda3@admin.ch,wpennycorda3,Pennycord,Warner Pennycord,Marketing
hsuatta4@ca.gov,hsuatta4,Suatt,Hester Suatt,Product Management
owinspara5@artisteer.com,owinspara5,Winspar,Octavius Winspar,Legal
hmaryskaa6@engadget.com,hmaryskaa6,Maryska,Hewitt Maryska,Human Resources
lsazioa7@businessinsider.com,lsazioa7,Sazio,Livvy Sazio,Marketing
knisslea8@boston.com,knisslea8,Nissle,Kathlin Nissle,Accounting
jcalafatea9@virginia.edu,jcalafatea9,Calafate,Jayme Calafate,Training
dquantrillaa@gravatar.com,dquantrillaa,Quantrill,Deana Quantrill,Services
ataylorsonab@upenn.edu,ataylorsonab,Taylorson,Alisha Taylorson,Marketing
dmcpeakeac@bigcartel.com,dmcpeakeac,McPeake,Dominic McPeake,Human Resources
aspeerad@un.org,aspeerad,Speer,Avivah Speer,Support
tshadfourthae@ezinearticles.com,tshadfourthae,Shadfourth,Tobit Shadfourth,Sales
tkornelaf@squarespace.com,tkornelaf,Kornel,Tomkin Kornel,Product Management
wwackleyag@squidoo.com,wwackleyag,Wackley,West Wackley,Services
jaleksankinah@imgur.com,jaleksankinah,Aleksankin,Joelly Aleksankin,Research and Development
whotchkinai@oracle.com,whotchkinai,Hotchkin,Willi Hotchkin,Business Development
bredwoodaj@mapy.cz,bredwoodaj,Redwood,Bridgette Redwood,Product Management
mwoodcroftak@mapy.cz,mwoodcroftak,Woodcroft,Mel Woodcroft,Marketing
fbluschkeal@e-recht24.de,fbluschkeal,Bluschke,Frieda Bluschke,Engineering
tdriversam@google.co.jp,tdriversam,Drivers,Toddie Drivers,Training
tmurgatroydan@free.fr,tmurgatroydan,Murgatroyd,Tracie Murgatroyd,Legal
dspybeyao@google.com.au,dspybeyao,Spybey,Dina Spybey,Accounting
mcroneap@home.pl,mcroneap,Crone,Marthena Crone,Business Development
mnickolesaq@washington.edu,mnickolesaq,Nickoles,Myrtia Nickoles,Product Management
dgallear@icio.us,dgallear,Galle,Dexter Galle,Training
pgreasonas@sohu.com,pgreasonas,Greason,Philippe Greason,Services
bbeagenat@domainmarket.com,bbeagenat,Beagen,Benson Beagen,Human Resources
abarkwayau@netvibes.com,abarkwayau,Barkway,Alison Barkway,Business Development
okovnotav@wikimedia.org,okovnotav,Kovnot,Opal Kovnot,Engineering
nlaffanaw@discovery.com,nlaffanaw,Laffan,Northrop Laffan,Sales
ccoulthardax@unicef.org,ccoulthardax,Coulthard,Corri Coulthard,Training
dslaughteray@nyu.edu,dslaughteray,Slaughter,Derrick Slaughter,Product Management
mumfreyaz@1688.com,mumfreyaz,Umfrey,Mychal Umfrey,Training
wmundenb0@ihg.com,wmundenb0,Munden,Wilden Munden,Product Management
mcassidyb1@pen.io,mcassidyb1,Cassidy,Mireielle Cassidy,Human Resources
eblumsonb2@free.fr,eblumsonb2,Blumson,Ethelin Blumson,Engineering
atilfordb3@joomla.org,atilfordb3,Tilford,Arley Tilford,Legal
blecountb4@xrea.com,blecountb4,Lecount,Barbra Lecount,Support
rburnhillb5@boston.com,rburnhillb5,Burnhill,Russell Burnhill,Accounting
aballantyneb6@nhs.uk,aballantyneb6,Ballantyne,Aubry Ballantyne,Business Development
pburtonwoodb7@ft.com,pburtonwoodb7,Burtonwood,Pierrette Burtonwood,Services
ccrisfordb8@deliciousdays.com,ccrisfordb8,Crisford,Courtnay Crisford,Accounting
dpinkeb9@skyrock.com,dpinkeb9,Pinke,Dalli Pinke,Training
slerwellba@bbc.co.uk,slerwellba,Lerwell,Schuyler Lerwell,Accounting
zjenikbb@tripod.com,zjenikbb,Jenik,Zoe Jenik,Accounting
breppbc@jugem.jp,breppbc,Repp,Brad Repp,Accounting
asearlesbd@purevolume.com,asearlesbd,Searles,Allard Searles,Sales
aalthropbe@google.cn,aalthropbe,Althrop,Astra Althrop,Services
ddominguesbf@patch.com,ddominguesbf,Domingues,Duane Domingues,Research and Development
gkillockbg@guardian.co.uk,gkillockbg,Killock,Galven Killock,Research and Development
avarnhambh@virginia.edu,avarnhambh,Varnham,Abbe Varnham,Training
ahymersbi@rakuten.co.jp,ahymersbi,Hymers,Alfred Hymers,Research and Development
hyezafovichbj@mtv.com,hyezafovichbj,Yezafovich,Harley Yezafovich,Legal
hmccrorybk@wikimedia.org,hmccrorybk,McCrory,Horatio McCrory,Human Resources
lpadillabl@tamu.edu,lpadillabl,Padilla,Lynnea Padilla,Product Management
mvasyunkinbm@tripod.com,mvasyunkinbm,Vasyunkin,Michel Vasyunkin,Support
haulsfordbn@merriam-webster.com,haulsfordbn,Aulsford,Hadley Aulsford,Human Resources
ncolambo@indiatimes.com,ncolambo,Colam,Ned Colam,Services
crodnightbp@ft.com,crodnightbp,Rodnight,Cathyleen Rodnight,Human Resources
gdozdillbq@reddit.com,gdozdillbq,Dozdill,Gaven Dozdill,Product Management
cmeckiffbr@engadget.com,cmeckiffbr,Meckiff,Claiborne Meckiff,Product Management
ksuttlingbs@people.com.cn,ksuttlingbs,Suttling,Kaylyn Suttling,Marketing
agooderickbt@baidu.com,agooderickbt,Gooderick,Ambros Gooderick,Marketing
ldowglassbu@mozilla.org,ldowglassbu,Dowglass,Lewiss Dowglass,Training
tconcannonbv@ehow.com,tconcannonbv,Concannon,Thomasine Concannon,Sales
otollitbw@house.gov,otollitbw,Tollit,Olenka Tollit,Legal
dtremainbx@squarespace.com,dtremainbx,Tremain,Dolley Tremain,Human Resources
batcockby@51.la,batcockby,Atcock,Butch Atcock,Training
jdeebz@tamu.edu,jdeebz,Dee,Junette Dee,Accounting
boveyc0@ihg.com,boveyc0,Ovey,Bondon Ovey,Services
sillingc1@xinhuanet.com,sillingc1,Illing,Sayres Illing,Sales
vfelipc2@about.com,vfelipc2,felip,Von felip,Accounting
tyatemanc3@wunderground.com,tyatemanc3,Yateman,Tammi Yateman,Business Development
pcrallanc4@google.es,pcrallanc4,Crallan,Pernell Crallan,Marketing
taugustc5@amazon.de,taugustc5,August,Thorny August,Sales
eengallc6@indiatimes.com,eengallc6,Engall,Ermanno Engall,Training
hcahernyc7@tumblr.com,hcahernyc7,Caherny,Hetti Caherny,Engineering
kheindlec8@msu.edu,kheindlec8,Heindle,Kellsie Heindle,Training
jfaulconerc9@biblegateway.com,jfaulconerc9,Faulconer,Jesse Faulconer,Human Resources
mpietznerca@wunderground.com,mpietznerca,Pietzner,Marietta Pietzner,Services
ssteelycb@angelfire.com,ssteelycb,Steely,Stuart Steely,Human Resources
ocalltonecc@alexa.com,ocalltonecc,Calltone,Olvan Calltone,Product Management
saslumcd@shop-pro.jp,saslumcd,Aslum,Simonette Aslum,Human Resources
rfruince@state.tx.us,rfruince,Fruin,Rodolph Fruin,Training
gloughlincf@columbia.edu,gloughlincf,Loughlin,Gwendolin Loughlin,Business Development
ldicg@hhs.gov,ldicg,Di Bartolommeo,Lari Di Bartolommeo,Product Management
psitlingtonch@census.gov,psitlingtonch,Sitlington,Parker Sitlington,Support
jcoareci@imdb.com,jcoareci,Coare,Johann Coare,Human Resources
twandreycj@hao123.com,twandreycj,Wandrey,Thorny Wandrey,Human Resources
psnelmanck@technorati.com,psnelmanck,Snelman,Pate Snelman,Business Development
mtuppercl@yale.edu,mtuppercl,Tupper,Miguel Tupper,Services
mleadbeattercm@lulu.com,mleadbeattercm,Leadbeatter,Martelle Leadbeatter,Business Development
arubertiscn@angelfire.com,arubertiscn,Rubertis,Alfred Rubertis,Human Resources
elentschco@cocolog-nifty.com,elentschco,Lentsch,Ethan Lentsch,Sales
ctulleycp@google.cn,ctulleycp,Tulley,Constantin Tulley,Support
jkegancq@go.com,jkegancq,Kegan,Jamesy Kegan,Sales
rsiggincr@yale.edu,rsiggincr,Siggin,Rina Siggin,Engineering
bfazziolics@yandex.ru,bfazziolics,Fazzioli,Binnie Fazzioli,Research and Development
jfishleighct@tinypic.com,jfishleighct,Fishleigh,Junia Fishleigh,Legal
kwinhamcu@cnet.com,kwinhamcu,Winham,Korie Winham,Research and Development
jpurkesscv@salon.com,jpurkesscv,Purkess,Jakob Purkess,Support
ftamblyncw@cyberchimps.com,ftamblyncw,Tamblyn,Fanchon Tamblyn,Accounting
oleelecx@nsw.gov.au,oleelecx,Leele,Olly Leele,Accounting
lclitsomecy@ocn.ne.jp,lclitsomecy,Clitsome,Larry Clitsome,Services
dluffcz@seattletimes.com,dluffcz,Luff,Dwayne Luff,Sales
klabbeyd0@skyrock.com,klabbeyd0,Labbey,Kristen Labbey,Support
csmallthwaited1@ihg.com,csmallthwaited1,Smallthwaite,Clark Smallthwaite,Legal
jmitchardd2@pbs.org,jmitchardd2,Mitchard,Jonis Mitchard,Marketing
wclunied3@gmpg.org,wclunied3,Clunie,Wrennie Clunie,Business Development
sbrusselld4@nature.com,sbrusselld4,Brussell,Sigismondo Brussell,Support
iwoodburnd5@mapquest.com,iwoodburnd5,Woodburn,Iorgos Woodburn,Legal
ghammertond6@sphinn.com,ghammertond6,Hammerton,Georgeta Hammerton,Business Development
mstudded7@indiegogo.com,mstudded7,Studde,Marty Studde,Accounting
jtruemand8@miitbeian.gov.cn,jtruemand8,Trueman,Jess Trueman,Training
pbrawleyd9@ucoz.ru,pbrawleyd9,Brawley,Perla Brawley,Services
csissotda@nasa.gov,csissotda,Sissot,Christa Sissot,Marketing
fduckitdb@pcworld.com,fduckitdb,Duckit,Felice Duckit,Services
gcarlozzidc@fc2.com,gcarlozzidc,Carlozzi,Gianna Carlozzi,Human Resources
bwrightemdd@skype.com,bwrightemdd,Wrightem,Beryl Wrightem,Support
rpidgeleyde@rediff.com,rpidgeleyde,Pidgeley,Rabbi Pidgeley,Training
kkornasdf@istockphoto.com,kkornasdf,Kornas,Krispin Kornas,Support
crosenhausdg@wikia.com,crosenhausdg,Rosenhaus,Correy Rosenhaus,Product Management
ydowddh@google.cn,ydowddh,Dowd,Yorgos Dowd,Services
bkielddi@simplemachines.org,bkielddi,Kield,Bibi Kield,Human Resources
jduntondj@google.ru,jduntondj,Dunton,Jorey Dunton,Human Resources
cinglibydk@fastcompany.com,cinglibydk,Ingliby,Caitrin Ingliby,Training
nhanleydl@ca.gov,nhanleydl,Hanley,Noelle Hanley,Engineering
srizzettidm@lulu.com,srizzettidm,Rizzetti,Sterne Rizzetti,Sales
cbremendn@360.cn,cbremendn,Bremen,Caralie Bremen,Legal
dzipselldo@amazon.de,dzipselldo,Zipsell,Danie Zipsell,Product Management
ahaliburtondp@xrea.com,ahaliburtondp,Haliburton,Annora Haliburton,Product Management
lsebrookdq@europa.eu,lsebrookdq,Sebrook,Lonni Sebrook,Sales
khumphersondr@devhub.com,khumphersondr,Humpherson,Kerrie Humpherson,Engineering
krosids@illinois.edu,krosids,Rosi,Kamillah Rosi,Business Development
bbugdalldt@boston.com,bbugdalldt,Bugdall,Bibi Bugdall,Accounting
epollittdu@china.com.cn,epollittdu,Pollitt,Eleonore Pollitt,Human Resources
slindedv@mac.com,slindedv,Linde,Sean Linde,Product Management
lmcgilvradw@jigsy.com,lmcgilvradw,McGilvra,Levey McGilvra,Legal
badnettdx@apple.com,badnettdx,Adnett,Britni Adnett,Research and Development
amessrutherdy@infoseek.co.jp,amessrutherdy,Messruther,Anjela Messruther,Engineering
ascuddz@lycos.com,ascuddz,Scud,Andie Scud,Legal
mjacobovitze0@devhub.com,mjacobovitze0,Jacobovitz,Marylee Jacobovitz,Product Management
nradleighe1@facebook.com,nradleighe1,Radleigh,Nickola Radleigh,Accounting
jsurmeyere2@nba.com,jsurmeyere2,Surmeyer,Jordain Surmeyer,Training
dbithelle3@ovh.net,dbithelle3,Bithell,Dianemarie Bithell,Human Resources
tofallonee4@prnewswire.com,tofallonee4,O'Fallone,Thibaut O'Fallone,Sales
foloshkine5@usa.gov,foloshkine5,Oloshkin,Frasier Oloshkin,Human Resources
tcrockforde6@addtoany.com,tcrockforde6,Crockford,Tarrah Crockford,Engineering
mjacobsene7@xrea.com,mjacobsene7,Jacobsen,Malanie Jacobsen,Product Management
tlongsone8@ihg.com,tlongsone8,Longson,Trista Longson,Accounting
mfahye9@uol.com.br,mfahye9,Fahy,Munroe Fahy,Human Resources
gguthrumea@yale.edu,gguthrumea,Guthrum,Giselle Guthrum,Marketing
jpailineb@dedecms.com,jpailineb,Pailin,Joye Pailin,Product Management
nmanntschkeec@wunderground.com,nmanntschkeec,Manntschke,Nicoli Manntschke,Marketing
gbrinkmaned@paginegialle.it,gbrinkmaned,Brinkman,Geoffry Brinkman,Research and Development
jdennyee@cloudflare.com,jdennyee,Denny,Janis Denny,Support
blogsdailef@liveinternet.ru,blogsdailef,Logsdail,Barclay Logsdail,Support
gshermareg@facebook.com,gshermareg,Shermar,Gillian Shermar,Training
sephsoneh@prnewswire.com,sephsoneh,Ephson,Sibelle Ephson,Research and Development
sjedraszczykei@goo.ne.jp,sjedraszczykei,Jedraszczyk,Saraann Jedraszczyk,Product Management
aolivelliej@storify.com,aolivelliej,Olivelli,Andree Olivelli,Support
lwhitenek@blogs.com,lwhitenek,Whiten,Lisbeth Whiten,Accounting
jtempestel@google.es,jtempestel,Tempest,Jarrod Tempest,Sales
edeem@archive.org,edeem,De Lascy,Elspeth De Lascy,Support
lhinrichsenen@opera.com,lhinrichsenen,Hinrichsen,Lyn Hinrichsen,Training
sgrishechkineo@phpbb.com,sgrishechkineo,Grishechkin,Shaylah Grishechkin,Product Management
nglauberep@purevolume.com,nglauberep,Glauber,Ninetta Glauber,Product Management
cnortoneq@globo.com,cnortoneq,Norton,Carree Norton,Training
dmansourer@slashdot.org,dmansourer,Mansour,Darcee Mansour,Research and Development
dwyardes@cisco.com,dwyardes,Wyard,Dilan Wyard,Marketing
lclutramet@google.com,lclutramet,Clutram,Lucias Clutram,Sales
pwontnereu@furl.net,pwontnereu,Wontner,Paula Wontner,Sales
elambertev@toplist.cz,elambertev,Lambert,Ellette Lambert,Services
sriddingew@discuz.net,sriddingew,Ridding,Savina Ridding,Accounting
lbatemanex@cloudflare.com,lbatemanex,Bateman,Lion Bateman,Research and Development
tconrathey@cargocollective.com,tconrathey,Conrath,Tessy Conrath,Support
egoselingez@webeden.co.uk,egoselingez,Goseling,Erin Goseling,Accounting
mmeesef0@dmoz.org,mmeesef0,Meese,Marcelle Meese,Business Development
kmionif1@e-recht24.de,kmionif1,Mioni,Kenn Mioni,Product Management
etincknellf2@netlog.com,etincknellf2,Tincknell,Eula Tincknell,Sales
tjacobovitzf3@bbc.co.uk,tjacobovitzf3,Jacobovitz,Tessi Jacobovitz,Sales
nrosenauf4@bing.com,nrosenauf4,Rosenau,Naoma Rosenau,Support
ddabesf5@ocn.ne.jp,ddabesf5,Dabes,Drusilla Dabes,Human Resources
vstrotonef6@newyorker.com,vstrotonef6,Strotone,Vasili Strotone,Engineering
lgheraldif7@usatoday.com,lgheraldif7,Gheraldi,Latisha Gheraldi,Engineering
rodunneenf8@t-online.de,rodunneenf8,O'Dunneen,Rania O'Dunneen,Support
madelbergf9@unc.edu,madelbergf9,Adelberg,Morgen Adelberg,Research and Development
ahemblingfa@blogger.com,ahemblingfa,Hembling,Asher Hembling,Services
feassebyfb@hatena.ne.jp,feassebyfb,Easseby,Fred Easseby,Accounting
nblasgenfc@yale.edu,nblasgenfc,Blasgen,Nollie Blasgen,Sales
fmacvaghfd@dagondesign.com,fmacvaghfd,MacVagh,Feliks MacVagh,Marketing
jlafe@technorati.com,jlafe,La Padula,Janeta La Padula,Legal
cbrettonff@squidoo.com,cbrettonff,Bretton,Christian Bretton,Engineering
drecklessfg@wix.com,drecklessfg,Reckless,Dru Reckless,Sales
okennadyfh@ebay.co.uk,okennadyfh,Kennady,Odell Kennady,Product Management
swoodthorpefi@netscape.com,swoodthorpefi,Woodthorpe,Sheffy Woodthorpe,Accounting
rgiddinsfj@loc.gov,rgiddinsfj,Giddins,Ros Giddins,Product Management
dludlfk@is.gd,dludlfk,Ludl,Dirk Ludl,Business Development
amacdearmontfl@mail.ru,amacdearmontfl,MacDearmont,Ardenia MacDearmont,Business Development
eduddanfm@myspace.com,eduddanfm,Duddan,Elwyn Duddan,Training
bamiesfn@mapy.cz,bamiesfn,Amies,Burl Amies,Services
marnaldyfo@bbc.co.uk,marnaldyfo,Arnaldy,Malorie Arnaldy,Support
swindhamfp@tripod.com,swindhamfp,Windham,Sisely Windham,Training
sbomanfq@earthlink.net,sbomanfq,Boman,Sena Boman,Business Development
gferrieresfr@tiny.cc,gferrieresfr,Ferrieres,Guss Ferrieres,Engineering
corbinefs@ifeng.com,corbinefs,Orbine,Colin Orbine,Product Management
gjahnft@mapquest.com,gjahnft,Jahn,Garner Jahn,Accounting
ksmitherhamfu@hexun.com,ksmitherhamfu,Smitherham,Kissie Smitherham,Engineering
pphilpaultfv@ehow.com,pphilpaultfv,Philpault,Pandora Philpault,Services
begarfw@domainmarket.com,begarfw,Egar,Brinn Egar,Accounting
bquinanefx@youtube.com,bquinanefx,Quinane,Berni Quinane,Accounting
fmayheadfy@slashdot.org,fmayheadfy,Mayhead,Farr Mayhead,Research and Development
fdillintonfz@wp.com,fdillintonfz,Dillinton,Felicia Dillinton,Sales
iayliffg0@cnn.com,iayliffg0,Ayliff,Isaiah Ayliff,Business Development
kpostansg1@cam.ac.uk,kpostansg1,Postans,Kylie Postans,Services
nwordleyg2@pcworld.com,nwordleyg2,Wordley,Neilla Wordley,Sales
rwaltong3@wordpress.com,rwaltong3,Walton,Ronni Walton,Sales
pbunfordg4@cnbc.com,pbunfordg4,Bunford,Pat Bunford,Marketing
icastiglionig5@samsung.com,icastiglionig5,Castiglioni,Iggy Castiglioni,Accounting
ckennawayg6@examiner.com,ckennawayg6,Kennaway,Cayla Kennaway,Legal
iciccog7@senate.gov,iciccog7,Cicco,Ilyssa Cicco,Accounting
tjedrychg8@mlb.com,tjedrychg8,Jedrych,Tucky Jedrych,Marketing
rtearleg9@nifty.com,rtearleg9,Tearle,Rica Tearle,Research and Development
dmateiga@dailymotion.com,dmateiga,Matei,Drud Matei,Product Management
oolenanegb@marriott.com,oolenanegb,O'Lenane,Osbourn O'Lenane,Legal
dkrysiakgc@baidu.com,dkrysiakgc,Krysiak,Desiree Krysiak,Business Development
gdeegangd@exblog.jp,gdeegangd,Deegan,Garek Deegan,Research and Development
pjerokge@yandex.ru,pjerokge,Jerok,Pierrette Jerok,Research and Development
anansomgf@fda.gov,anansomgf,Nansom,Ardelis Nansom,Support
ttinmouthgg@cnn.com,ttinmouthgg,Tinmouth,Tresa Tinmouth,Product Management
agooddinggh@bloomberg.com,agooddinggh,Goodding,Anetta Goodding,Business Development
dpennicottgi@patch.com,dpennicottgi,Pennicott,Dottie Pennicott,Engineering
dfairngj@imdb.com,dfairngj,Fairn,Dyanne Fairn,Services
zhelixgk@loc.gov,zhelixgk,Helix,Zerk Helix,Human Resources
mhowsingl@de.vu,mhowsingl,Howsin,Martita Howsin,Legal
cmariyushkingm@cargocollective.com,cmariyushkingm,Mariyushkin,Camilla Mariyushkin,Support
odegn@usatoday.com,odegn,de Aguirre,Ofilia de Aguirre,Sales
bdugo@furl.net,bdugo,Du Barry,Brittni Du Barry,Training
zkunzelmanngp@elegantthemes.com,zkunzelmanngp,Kunzelmann,Zaccaria Kunzelmann,Support
ddevalgq@bigcartel.com,ddevalgq,Deval,Dorolisa Deval,Business Development
jcamplinggr@wikipedia.org,jcamplinggr,Campling,Juieta Campling,Engineering
hpetrakgs@eventbrite.com,hpetrakgs,Petrak,Hasheem Petrak,Legal
ebordergt@weebly.com,ebordergt,Border,Elwood Border,Research and Development
msellimangu@businessinsider.com,msellimangu,Selliman,Max Selliman,Training
hprichetgv@reverbnation.com,hprichetgv,Prichet,Hugh Prichet,Research and Development
apetaschgw@guardian.co.uk,apetaschgw,Petasch,Arney Petasch,Human Resources
lwhyffengx@yellowbook.com,lwhyffengx,Whyffen,Lita Whyffen,Research and Development
gtightgy@icq.com,gtightgy,Tight,Gretal Tight,Accounting
zbarkegz@java.com,zbarkegz,Barke,Zachery Barke,Legal
cprotheroh0@chicagotribune.com,cprotheroh0,Prothero,Cordey Prothero,Legal
sleh1@techcrunch.com,sleh1,Le Fevre,Sunshine Le Fevre,Product Management
sblomefieldh2@reddit.com,sblomefieldh2,Blomefield,Stella Blomefield,Human Resources
tmckerlieh3@i2i.jp,tmckerlieh3,McKerlie,Tillie McKerlie,Business Development
mhindmoreh4@mysql.com,mhindmoreh4,Hindmore,Mehetabel Hindmore,Legal
dpedrolloh5@vkontakte.ru,dpedrolloh5,Pedrollo,Diann Pedrollo,Support
wwhiffenh6@51.la,wwhiffenh6,Whiffen,Welby Whiffen,Training
jpointinh7@ask.com,jpointinh7,Pointin,Janaye Pointin,Legal
wfulunh8@addtoany.com,wfulunh8,Fulun,Waylan Fulun,Human Resources
avarseyh9@last.fm,avarseyh9,Varsey,Ave Varsey,Engineering
ecaenha@vk.com,ecaenha,Caen,Elisabeth Caen,Research and Development
cleinsterhb@technorati.com,cleinsterhb,Leinster,Christan Leinster,Accounting
iwestcarhc@columbia.edu,iwestcarhc,Westcar,Inge Westcar,Human Resources
cfairriehd@ameblo.jp,cfairriehd,Fairrie,Cheryl Fairrie,Accounting
fsweatlandhe@symantec.com,fsweatlandhe,Sweatland,Free Sweatland,Human Resources
lcoulthursthf@cnn.com,lcoulthursthf,Coulthurst,Lurette Coulthurst,Engineering
wwebenhg@livejournal.com,wwebenhg,Weben,Winthrop Weben,Research and Development
sjanwayhh@mozilla.com,sjanwayhh,Janway,Sayres Janway,Human Resources
rpriddenhi@upenn.edu,rpriddenhi,Pridden,Rickert Pridden,Services
cpeathj@scribd.com,cpeathj,Peat,Cassandra Peat,Business Development
btinsonhk@cam.ac.uk,btinsonhk,Tinson,Burnard Tinson,Human Resources
hcharkhamhl@deviantart.com,hcharkhamhl,Charkham,Hugo Charkham,Marketing
msirettehm@godaddy.com,msirettehm,Sirette,Mei Sirette,Support
kkeatshn@yellowpages.com,kkeatshn,Keats,Karissa Keats,Legal
gcargenho@mayoclinic.com,gcargenho,Cargen,Georgie Cargen,Sales
bantoszewskihp@businessweek.com,bantoszewskihp,Antoszewski,Bern Antoszewski,Support
esteerehq@telegraph.co.uk,esteerehq,Steere,Eugenia Steere,Support
lberkhr@geocities.com,lberkhr,Berk,Lisette Berk,Accounting
abirdshs@pcworld.com,abirdshs,Birds,Arlan Birds,Sales
rhaddowht@twitpic.com,rhaddowht,Haddow,Remy Haddow,Research and Development
tbonefanthu@auda.org.au,tbonefanthu,Bonefant,Tallie Bonefant,Marketing
stonnahv@merriam-webster.com,stonnahv,Tonna,Shepherd Tonna,Research and Development
ajopehw@simplemachines.org,ajopehw,Jope,Allin Jope,Accounting
nmoscohx@is.gd,nmoscohx,Mosco,Neel Mosco,Marketing
bfanehy@shareasale.com,bfanehy,Fane,Blondell Fane,Support
bcheneyhz@technorati.com,bcheneyhz,Cheney,Blinni Cheney,Product Management
gburgotti0@columbia.edu,gburgotti0,Burgott,Gloriana Burgott,Legal
hhanrahani1@is.gd,hhanrahani1,Hanrahan,Harwilll Hanrahan,Business Development
becklyi2@java.com,becklyi2,Eckly,Barret Eckly,Legal
lconnopi3@fema.gov,lconnopi3,Connop,Levin Connop,Sales
osimoninii4@icio.us,osimoninii4,Simonini,Olympia Simonini,Marketing
emcgalli5@cornell.edu,emcgalli5,McGall,Else McGall,Product Management
ipreweri6@ox.ac.uk,ipreweri6,Prewer,Issie Prewer,Research and Development
spateli7@oaic.gov.au,spateli7,Patel,Sheeree Patel,Marketing
pharvardi8@vkontakte.ru,pharvardi8,Harvard,Philip Harvard,Support
hwoofi9@i2i.jp,hwoofi9,Woof,Harmon Woof,Support
bwiddopia@princeton.edu,bwiddopia,Widdop,Becca Widdop,Accounting
asigwardib@nasa.gov,asigwardib,Sigward,Ailbert Sigward,Human Resources
cchantleric@de.vu,cchantleric,Chantler,Corine Chantler,Sales
gcastelynid@cnbc.com,gcastelynid,Castelyn,Garek Castelyn,Human Resources
xhelianie@usnews.com,xhelianie,Helian,Ximenes Helian,Legal
jglennieif@google.cn,jglennieif,Glennie,Jase Glennie,Legal
ltripettig@zimbio.com,ltripettig,Tripett,Lila Tripett,Engineering
bludvigsenih@ehow.com,bludvigsenih,Ludvigsen,Bobbe Ludvigsen,Marketing
pgreensideii@elpais.com,pgreensideii,Greenside,Pamela Greenside,Services
ccampagneij@dagondesign.com,ccampagneij,Campagne,Cosmo Campagne,Human Resources
sczajaik@irs.gov,sczajaik,Czaja,Samson Czaja,Support
bmacdermotil@twitter.com,bmacdermotil,MacDermot,Bernardo MacDermot,Support
dkernesim@behance.net,dkernesim,Kernes,Dyanne Kernes,Accounting
tcottierin@lulu.com,tcottierin,Cottier,Thia Cottier,Human Resources
mleggsio@usa.gov,mleggsio,Leggs,Madlen Leggs,Human Resources
dkohrtip@flickr.com,dkohrtip,Kohrt,Daniella Kohrt,Legal
gbanaszczykiq@unesco.org,gbanaszczykiq,Banaszczyk,Gerianne Banaszczyk,Support
dsymersir@noaa.gov,dsymersir,Symers,Delphine Symers,Training
qbradforthis@bbb.org,qbradforthis,Bradforth,Quintin Bradforth,Product Management
zauberyit@lulu.com,zauberyit,Aubery,Zedekiah Aubery,Accounting
gblakestoniu@wordpress.org,gblakestoniu,Blakeston,Gwendolin Blakeston,Legal
fkyleiv@rediff.com,fkyleiv,Kyle,Flint Kyle,Business Development
amandersiw@oracle.com,amandersiw,Manders,Alfred Manders,Marketing
sdeix@instagram.com,sdeix,de Leon,Shirlee de Leon,Services
jtorriiy@lulu.com,jtorriiy,Torri,Julissa Torri,Services
roxbroughiz@clickbank.net,roxbroughiz,Oxbrough,Roberto Oxbrough,Services
pandrinj0@cafepress.com,pandrinj0,Andrin,Pail Andrin,Research and Development
pbithanyj1@pbs.org,pbithanyj1,Bithany,Peggy Bithany,Marketing
anevinsonj2@netvibes.com,anevinsonj2,Nevinson,April Nevinson,Research and Development
fredholej3@house.gov,fredholej3,Redhole,Fransisco Redhole,Training
tsuartj4@columbia.edu,tsuartj4,Suart,Thurstan Suart,Business Development
dhallerj5@lulu.com,dhallerj5,Haller,David Haller,Research and Development
rcoppoj6@over-blog.com,rcoppoj6,Coppo,Rolando Coppo,Marketing
clytllej7@tmall.com,clytllej7,Lytlle,Craig Lytlle,Marketing
swharinj8@ovh.net,swharinj8,Wharin,Sly Wharin,Legal
ktomaszewskij9@yahoo.co.jp,ktomaszewskij9,Tomaszewski,Kati Tomaszewski,Legal
kreaveleyja@businessweek.com,kreaveleyja,Reaveley,Keir Reaveley,Training
jparrinjb@mysql.com,jparrinjb,Parrin,Jesus Parrin,Training
rmaylinjc@angelfire.com,rmaylinjc,Maylin,Rockie Maylin,Services
pfowkesjd@omniture.com,pfowkesjd,Fowkes,Perl Fowkes,Human Resources
dwenningtonje@engadget.com,dwenningtonje,Wennington,Der Wennington,Sales
dhanalanjf@nature.com,dhanalanjf,Hanalan,Dona Hanalan,Research and Development
bwharramjg@arstechnica.com,bwharramjg,Wharram,Ber Wharram,Research and Development
scampbelldunlopjh@mail.ru,scampbelldunlopjh,Campbell-Dunlop,Standford Campbell-Dunlop,Product Management
fcobonji@npr.org,fcobonji,Cobon,Feliza Cobon,Engineering
coriginjj@about.me,coriginjj,Origin,Cathie Origin,Research and Development
kibeljk@simplemachines.org,kibeljk,Ibel,Kerianne Ibel,Services
derskinjl@livejournal.com,derskinjl,Erskin,Dorie Erskin,Marketing
iphilipsonjm@twitpic.com,iphilipsonjm,Philipson,Ingemar Philipson,Support
rmcgerrjn@globo.com,rmcgerrjn,McGerr,Rollie McGerr,Accounting
adonalsonjo@mlb.com,adonalsonjo,Donalson,Armstrong Donalson,Business Development
gcoltanjp@umich.edu,gcoltanjp,Coltan,Gallard Coltan,Support
kbabarjq@vkontakte.ru,kbabarjq,Babar,Kessia Babar,Human Resources
dshemwelljr@addtoany.com,dshemwelljr,Shemwell,Darb Shemwell,Accounting
mgledstanejs@sohu.com,mgledstanejs,Gledstane,Marion Gledstane,Business Development
abrennenstuhljt@theglobeandmail.com,abrennenstuhljt,Brennenstuhl,Adora Brennenstuhl,Legal
ajamesonju@narod.ru,ajamesonju,Jameson,Artemus Jameson,Marketing
ckemballjv@independent.co.uk,ckemballjv,Kemball,Catarina Kemball,Legal
kbeediejw@aol.com,kbeediejw,Beedie,Kali Beedie,Research and Development
avannoortjx@ucoz.com,avannoortjx,Vannoort,Adams Vannoort,Product Management
mrexworthyjy@cornell.edu,mrexworthyjy,Rexworthy,Maryanna Rexworthy,Research and Development
nvakhoninjz@google.co.uk,nvakhoninjz,Vakhonin,Nadya Vakhonin,Marketing
cclitherowk0@miitbeian.gov.cn,cclitherowk0,Clitherow,Clim Clitherow,Services
showgatek1@miitbeian.gov.cn,showgatek1,Howgate,Susannah Howgate,Engineering
ggrewark2@hubpages.com,ggrewark2,Grewar,Golda Grewar,Human Resources
gvettorek3@statcounter.com,gvettorek3,Vettore,Gal Vettore,Product Management
lleupoldk4@phpbb.com,lleupoldk4,Leupold,Lindy Leupold,Engineering
mbarkerk5@studiopress.com,mbarkerk5,Barker,Mickie Barker,Engineering
phoodlessk6@washingtonpost.com,phoodlessk6,Hoodless,Page Hoodless,Research and Development
ashillingfordk7@ted.com,ashillingfordk7,Shillingford,Arch Shillingford,Marketing
hbeggiok8@webmd.com,hbeggiok8,Beggio,Hannie Beggio,Support
jklausewitzk9@issuu.com,jklausewitzk9,Klausewitz,Jeramie Klausewitz,Legal
rlescopka@jalbum.net,rlescopka,Lescop,Rabbi Lescop,Marketing
jwilliscroftkb@java.com,jwilliscroftkb,Williscroft,Jessalin Williscroft,Business Development
rleveringtonkc@mozilla.org,rleveringtonkc,Leverington,Rebecka Leverington,Sales
fgallamorekd@purevolume.com,fgallamorekd,Gallamore,Floris Gallamore,Accounting
haddamske@guardian.co.uk,haddamske,Addams,Hedwig Addams,Accounting
shainekf@newyorker.com,shainekf,Haine,Shandie Haine,Marketing
hrusskg@smh.com.au,hrusskg,Russ,Hurley Russ,Business Development
rbamlettkh@amazon.co.jp,rbamlettkh,Bamlett,Ronalda Bamlett,Accounting
cdrooganki@google.ca,cdrooganki,Droogan,Clair Droogan,Accounting
fjaunceykj@wordpress.org,fjaunceykj,Jauncey,Flinn Jauncey,Support
imcgoldrickkk@clickbank.net,imcgoldrickkk,McGoldrick,Ilyse McGoldrick,Training
gsteadmankl@opera.com,gsteadmankl,Steadman,Garner Steadman,Human Resources
ecuffkm@wiley.com,ecuffkm,Cuff,Evin Cuff,Product Management
dhebblethwaitekn@ask.com,dhebblethwaitekn,Hebblethwaite,Dedra Hebblethwaite,Business Development
vdrexelko@joomla.org,vdrexelko,Drexel,Vivian Drexel,Training
gcovottikp@eventbrite.com,gcovottikp,Covotti,Gabie Covotti,Sales
pnusskq@utexas.edu,pnusskq,Nuss,Phillip Nuss,Services
echerriekr@theglobeandmail.com,echerriekr,Cherrie,Everard Cherrie,Legal
rseifenmacherks@biblegateway.com,rseifenmacherks,Seifenmacher,Rennie Seifenmacher,Support
ddareykt@harvard.edu,ddareykt,Darey,Denna Darey,Services
chavilleku@gizmodo.com,chavilleku,Haville,Cal Haville,Engineering
cferraikv@usgs.gov,cferraikv,Ferrai,Caprice Ferrai,Product Management
hmarronkw@networksolutions.com,hmarronkw,Marron,Honoria Marron,Marketing
ggonnellykx@dot.gov,ggonnellykx,Gonnelly,Gregor Gonnelly,Training
bpetkovicky@freewebs.com,bpetkovicky,Petkovic,Barrie Petkovic,Sales
kbrownsworthkz@phpbb.com,kbrownsworthkz,Brownsworth,Kendell Brownsworth,Product Management
lpapacciol0@businessinsider.com,lpapacciol0,Papaccio,Libby Papaccio,Legal
fmuckloel1@sciencedaily.com,fmuckloel1,Muckloe,Filia Muckloe,Accounting
edennistonl2@mozilla.org,edennistonl2,Denniston,Ede Denniston,Services
adruittl3@sohu.com,adruittl3,Druitt,Alric Druitt,Sales
ebreachl4@tripadvisor.com,ebreachl4,Breach,Elsey Breach,Support
imattekl5@privacy.gov.au,imattekl5,Mattek,Isador Mattek,Services
gdamarelll6@mtv.com,gdamarelll6,Damarell,Gerrard Damarell,Training
tdannielll7@yellowbook.com,tdannielll7,Danniell,Terese Danniell,Business Development
khostanl8@youtu.be,khostanl8,Hostan,Kerrie Hostan,Support
csoamel9@dagondesign.com,csoamel9,Soame,Conny Soame,Engineering
ikeedyla@engadget.com,ikeedyla,Keedy,Issi Keedy,Accounting
rclothierlb@salon.com,rclothierlb,Clothier,Raimondo Clothier,Sales
dhanrahanlc@bbb.org,dhanrahanlc,Hanrahan,Donn Hanrahan,Research and Development
ladamovichld@washington.edu,ladamovichld,Adamovich,Laney Adamovich,Services
gwolseleyle@latimes.com,gwolseleyle,Wolseley,Gayler Wolseley,Accounting
gburgettlf@amazon.co.uk,gburgettlf,Burgett,Galvin Burgett,Human Resources
cneemlg@who.int,cneemlg,Neem,Cary Neem,Legal
obirkenshawlh@weather.com,obirkenshawlh,Birkenshaw,Ortensia Birkenshaw,Sales
llinforthli@ehow.com,llinforthli,Linforth,Lind Linforth,Sales
lslidelj@privacy.gov.au,lslidelj,Slide,Leontine Slide,Engineering
mnuneslk@devhub.com,mnuneslk,Nunes Nabarro,Martainn Nunes Nabarro,Training
afebryll@alibaba.com,afebryll,Febry,Albie Febry,Legal
dleyeslm@netvibes.com,dleyeslm,Leyes,Della Leyes,Legal
hlivingstoneln@bravesites.com,hlivingstoneln,Livingstone,Hinze Livingstone,Human Resources
kbernolletlo@bloglines.com,kbernolletlo,Bernollet,Kare Bernollet,Support
muttleylp@ameblo.jp,muttleylp,Uttley,Michel Uttley,Marketing
cmclq@yahoo.com,cmclq,Mc Combe,Coriss Mc Combe,Human Resources
hhearelr@trellian.com,hhearelr,Heare,Hope Heare,Services
clumleyls@github.com,clumleyls,Lumley,Carolynn Lumley,Engineering
cdietonlt@barnesandnoble.com,cdietonlt,Dieton,Conny Dieton,Training
ccrohanlu@quantcast.com,ccrohanlu,Crohan,Carlynn Crohan,Engineering
acrowcherlv@mozilla.org,acrowcherlv,Crowcher,Adelbert Crowcher,Human Resources
bpenkelw@sbwire.com,bpenkelw,Penke,Bevon Penke,Accounting
sclaydenlx@opensource.org,sclaydenlx,Clayden,Sky Clayden,Human Resources
tboissieuxly@ft.com,tboissieuxly,Boissieux,Tildi Boissieux,Services
hcleghornlz@tinypic.com,hcleghornlz,Cleghorn,Hewet Cleghorn,Marketing
sstairmondm0@sfgate.com,sstairmondm0,Stairmond,Sande Stairmond,Training
dmcclunem1@theguardian.com,dmcclunem1,McClune,Drucie McClune,Support
gmallochm2@bloomberg.com,gmallochm2,Malloch,Gleda Malloch,Human Resources
vdonisim3@howstuffworks.com,vdonisim3,Donisi,Vidovic Donisi,Training
yarrowm4@angelfire.com,yarrowm4,Arrow,Yovonnda Arrow,Legal
emapamm5@census.gov,emapamm5,Mapam,Elvera Mapam,Business Development
jpringuerm6@ted.com,jpringuerm6,Pringuer,Jocelyne Pringuer,Business Development
mgilliamm7@theguardian.com,mgilliamm7,Gilliam,Mari Gilliam,Research and Development
bbaigriem8@bigcartel.com,bbaigriem8,Baigrie,Bentley Baigrie,Training
bwayem9@google.pl,bwayem9,Waye,Broderic Waye,Training
ldurnillma@skyrock.com,ldurnillma,Durnill,Lucina Durnill,Business Development
dchristolmb@macromedia.com,dchristolmb,Christol,Devonna Christol,Legal
agowmanmc@comsenz.com,agowmanmc,Gowman,Alfy Gowman,Support
mbantingmd@utexas.edu,mbantingmd,Banting,Malachi Banting,Marketing
dbradockme@issuu.com,dbradockme,Bradock,Dawna Bradock,Sales
mlarmettmf@cbc.ca,mlarmettmf,Larmett,Manuel Larmett,Accounting
hwyardmg@goo.gl,hwyardmg,Wyard,Harrie Wyard,Business Development
emattersonmh@nifty.com,emattersonmh,Matterson,Elicia Matterson,Research and Development
kriddelmi@paginegialle.it,kriddelmi,Riddel,Kariotta Riddel,Services
showmanmj@eventbrite.com,showmanmj,Howman,Shem Howman,Services
gscynermk@mapquest.com,gscynermk,Scyner,Giusto Scyner,Business Development
cengelml@marriott.com,cengelml,Engel,Cathi Engel,Training
sargentmm@gov.uk,sargentmm,Argent,Silvanus Argent,Human Resources
eickmn@behance.net,eickmn,Ick,Esther Ick,Training
amcuremo@ucla.edu,amcuremo,McUre,Alfy McUre,Sales
ksherrmp@examiner.com,ksherrmp,Sherr,Kim Sherr,Sales
scoundleymq@slideshare.net,scoundleymq,Coundley,Sibyl Coundley,Research and Development
ealphegemr@cloudflare.com,ealphegemr,Alphege,Erhard Alphege,Engineering
rheymesms@blogspot.com,rheymesms,Heymes,Rosa Heymes,Engineering
tsibarymt@list-manage.com,tsibarymt,Sibary,Trixie Sibary,Services
rbreznovicmu@umn.edu,rbreznovicmu,Breznovic,Randie Breznovic,Support
mpumfreymv@sogou.com,mpumfreymv,Pumfrey,Marilyn Pumfrey,Business Development
aduguidmw@craigslist.org,aduguidmw,Duguid,Alameda Duguid,Services
lcoultassmx@ebay.com,lcoultassmx,Coultass,Leann Coultass,Training
mhrinchenkomy@myspace.com,mhrinchenkomy,Hrinchenko,Marguerite Hrinchenko,Training
trowlermz@timesonline.co.uk,trowlermz,Rowler,Torrey Rowler,Accounting
rbacupn0@cbsnews.com,rbacupn0,Bacup,Riki Bacup,Engineering
dpiwalln1@hhs.gov,dpiwalln1,Piwall,Deeyn Piwall,Business Development
rjonasn2@google.fr,rjonasn2,Jonas,Ruttger Jonas,Human Resources
rsnalumn3@theglobeandmail.com,rsnalumn3,Snalum,Rafaelita Snalum,Support
cdewickn4@europa.eu,cdewickn4,Dewick,Coleen Dewick,Engineering
mbakesefn5@bloglines.com,mbakesefn5,Bakesef,Michaeline Bakesef,Legal
ssallissn6@quantcast.com,ssallissn6,Salliss,Shellysheldon Salliss,Sales
smillwatern7@theguardian.com,smillwatern7,Millwater,Sancho Millwater,Marketing
klaslettn8@house.gov,klaslettn8,Laslett,Kasey Laslett,Services
jalesbrookn9@disqus.com,jalesbrookn9,Alesbrook,Joshuah Alesbrook,Research and Development
flaphamna@biglobe.ne.jp,flaphamna,Lapham,Freddy Lapham,Accounting
mmalcolmnb@moonfruit.com,mmalcolmnb,Malcolm,Modesty Malcolm,Support
lmillierenc@cpanel.net,lmillierenc,Milliere,Leanna Milliere,Services
mthomsnd@gravatar.com,mthomsnd,Thoms,Malinde Thoms,Support
lstrasene@biblegateway.com,lstrasene,Strase,Lucy Strase,Business Development
mattawaynf@redcross.org,mattawaynf,Attaway,Mariette Attaway,Legal
fpenkng@webmd.com,fpenkng,Penk,Frederic Penk,Support
acobsonnh@wired.com,acobsonnh,Cobson,Amii Cobson,Accounting
rmackroni@homestead.com,rmackroni,Mackro,Ruby Mackro,Sales
cimisonnj@elegantthemes.com,cimisonnj,Imison,Carolan Imison,Accounting
sfrenchnk@go.com,sfrenchnk,French,Saundra French,Training
lsoigouxnl@posterous.com,lsoigouxnl,Soigoux,Linette Soigoux,Human Resources
csacazenm@disqus.com,csacazenm,Sacaze,Cassey Sacaze,Accounting
aknaggesnn@istockphoto.com,aknaggesnn,Knagges,Albert Knagges,Sales
lbutlinno@scientificamerican.com,lbutlinno,Butlin,Loren Butlin,Business Development
gwelshnp@sciencedaily.com,gwelshnp,Welsh,Gloriane Welsh,Product Management
lstrongnq@blog.com,lstrongnq,Strong,Lyda Strong,Human Resources
cchinnerynr@soundcloud.com,cchinnerynr,Chinnery,Catherine Chinnery,Marketing
wmeacherns@house.gov,wmeacherns,Meacher,Wendell Meacher,Services
evernazzant@cam.ac.uk,evernazzant,Vernazza,Esra Vernazza,Legal
fcripsnu@chron.com,fcripsnu,Crips,Frederigo Crips,Services
klinggoodnv@tinypic.com,klinggoodnv,Linggood,Kevin Linggood,Human Resources
vwillettsnw@indiatimes.com,vwillettsnw,Willetts,Vanessa Willetts,Services
btilberrynx@howstuffworks.com,btilberrynx,Tilberry,Benita Tilberry,Sales
tdalgetyny@mapy.cz,tdalgetyny,Dalgety,Theodora Dalgety,Legal
ejeunenz@ox.ac.uk,ejeunenz,Jeune,Emilio Jeune,Product Management
doo0@omniture.com,doo0,O' Clovan,Damon O' Clovan,Product Management
etinero1@nih.gov,etinero1,Tiner,Edwin Tiner,Sales
ssmithieso2@boston.com,ssmithieso2,Smithies,Siana Smithies,Services
ndowerso3@ft.com,ndowerso3,Dowers,Nola Dowers,Support
apargettero4@webeden.co.uk,apargettero4,Pargetter,Ardenia Pargetter,Accounting
klovejoyo5@w3.org,klovejoyo5,Lovejoy,Keelby Lovejoy,Legal
ylivezleyo6@chron.com,ylivezleyo6,Livezley,Yale Livezley,Marketing
mstadingo7@hp.com,mstadingo7,Stading,Mallory Stading,Engineering
amablestoneo8@tiny.cc,amablestoneo8,Mablestone,Ame Mablestone,Sales
dstokeso9@behance.net,dstokeso9,Stokes,Danni Stokes,Services
scheversoa@cpanel.net,scheversoa,Chevers,Serena Chevers,Human Resources
clivingstonob@usatoday.com,clivingstonob,Livingston,Courtnay Livingston,Research and Development
ccouthardoc@woothemes.com,ccouthardoc,Couthard,Caroljean Couthard,Support
jrosingdallod@meetup.com,jrosingdallod,Rosingdall,Jeane Rosingdall,Sales
groubottomoe@ning.com,groubottomoe,Roubottom,Gretta Roubottom,Services
alangerenof@reference.com,alangerenof,Langeren,Alva Langeren,Human Resources
pcortenog@imageshack.us,pcortenog,Corten,Pinchas Corten,Human Resources
sdibboh@woothemes.com,sdibboh,Dibb,Sybilla Dibb,Product Management
bsambedgeoi@usatoday.com,bsambedgeoi,Sambedge,Bevon Sambedge,Human Resources
nspauntonoj@wunderground.com,nspauntonoj,Spaunton,Nikolas Spaunton,Accounting
rthridgouldok@odnoklassniki.ru,rthridgouldok,Thridgould,Ramsey Thridgould,Services
cleol@jalbum.net,cleol,Le Noire,Charil Le Noire,Accounting
cwaggom@cnbc.com,cwaggom,Wagg,Cherie Wagg,Training
mthridgouldon@github.com,mthridgouldon,Thridgould,Michell Thridgould,Human Resources
dbeatyoo@columbia.edu,dbeatyoo,Beaty,Desiree Beaty,Research and Development
lmaysorop@ask.com,lmaysorop,Maysor,Leonelle Maysor,Support
bhemeretoq@1und1.de,bhemeretoq,Hemeret,Berna Hemeret,Marketing
dmcmenamyor@com.com,dmcmenamyor,McMenamy,Di McMenamy,Business Development
pkirtlandos@disqus.com,pkirtlandos,Kirtland,Prisca Kirtland,Human Resources
jtrustieot@plala.or.jp,jtrustieot,Trustie,Jorrie Trustie,Sales
rleslyou@comcast.net,rleslyou,Lesly,Rheba Lesly,Research and Development
fgilvaryov@liveinternet.ru,fgilvaryov,Gilvary,Frazier Gilvary,Engineering
hbeereow@sogou.com,hbeereow,Beere,Hermione Beere,Business Development
rmckerronox@independent.co.uk,rmckerronox,McKerron,Robbie McKerron,Engineering
rmenloeoy@feedburner.com,rmenloeoy,Menloe,Ryan Menloe,Accounting
eiacominioz@163.com,eiacominioz,Iacomini,Eddy Iacomini,Legal
jstitcherp0@washingtonpost.com,jstitcherp0,Stitcher,Jodie Stitcher,Sales
fboikp1@dell.com,fboikp1,Boik,Flss Boik,Product Management
rrubrowp2@huffingtonpost.com,rrubrowp2,Rubrow,Ronny Rubrow,Legal
sandreuzzip3@1und1.de,sandreuzzip3,Andreuzzi,Sally Andreuzzi,Sales
hlowderp4@npr.org,hlowderp4,Lowder,Heath Lowder,Sales
jcharlsonp5@1und1.de,jcharlsonp5,Charlson,Jerrine Charlson,Research and Development
ejahnkep6@exblog.jp,ejahnkep6,Jahnke,Elaine Jahnke,Research and Development
hmccritchiep7@creativecommons.org,hmccritchiep7,McCritchie,Hieronymus McCritchie,Business Development
iducrowp8@home.pl,iducrowp8,Ducrow,Ignace Ducrow,Business Development
selbournp9@tmall.com,selbournp9,Elbourn,Seward Elbourn,Support
bpizerpa@edublogs.org,bpizerpa,Pizer,Berky Pizer,Sales
glovelesspb@virginia.edu,glovelesspb,Loveless,Gerek Loveless,Product Management
sbeedpc@fc2.com,sbeedpc,Beed,Sheppard Beed,Legal
hflannerpd@smugmug.com,hflannerpd,Flanner,Horst Flanner,Accounting
mstationpe@loc.gov,mstationpe,Station,Madeline Station,Engineering
eskonepf@unblog.fr,eskonepf,Skone,Eolande Skone,Marketing
emullinderpg@reuters.com,emullinderpg,Mullinder,Emelda Mullinder,Training
abutterwickph@tinyurl.com,abutterwickph,Butterwick,Amanda Butterwick,Services
iohlsenpi@tmall.com,iohlsenpi,Ohlsen,Isac Ohlsen,Support
lnenopj@discuz.net,lnenopj,Neno,Loren Neno,Services
bthomblesonpk@timesonline.co.uk,bthomblesonpk,Thombleson,Berta Thombleson,Research and Development
jwiersmapl@reference.com,jwiersmapl,Wiersma,Jaine Wiersma,Product Management
rcrennanpm@blinklist.com,rcrennanpm,Crennan,Rikki Crennan,Sales
anorvillpn@answers.com,anorvillpn,Norvill,Arlena Norvill,Business Development
hpervewpo@technorati.com,hpervewpo,Pervew,Hermione Pervew,Business Development
ayouthedpp@cnbc.com,ayouthedpp,Youthed,Alaster Youthed,Training
rwillowaypq@aboutads.info,rwillowaypq,Willoway,Rebecka Willoway,Services
lducastelpr@businessweek.com,lducastelpr,Ducastel,Lurleen Ducastel,Product Management
ecoppardps@opensource.org,ecoppardps,Coppard,Etheline Coppard,Product Management
lbodept@scribd.com,lbodept,Bode,Leodora Bode,Research and Development
jwaldockpu@cbslocal.com,jwaldockpu,Waldock,Jenelle Waldock,Support
ccosbypv@google.co.uk,ccosbypv,Cosby,Celisse Cosby,Marketing
okestertonpw@odnoklassniki.ru,okestertonpw,Kesterton,Orelia Kesterton,Research and Development
pbangspx@rediff.com,pbangspx,Bangs,Persis Bangs,Accounting
wswansonpy@elegantthemes.com,wswansonpy,Swanson,Waly Swanson,Product Management
vgarmstonpz@discuz.net,vgarmstonpz,Garmston,Van Garmston,Product Management
tchoulertonq0@ft.com,tchoulertonq0,Choulerton,Teodorico Choulerton,Business Development
dchoakeq1@skype.com,dchoakeq1,Choake,Doralyn Choake,Product Management
mcuredellq2@nba.com,mcuredellq2,Curedell,Millisent Curedell,Engineering
dpatmanq3@economist.com,dpatmanq3,Patman,Dori Patman,Training
smarcussenq4@reddit.com,smarcussenq4,Marcussen,Scottie Marcussen,Engineering
atalkingtonq5@51.la,atalkingtonq5,Talkington,Aurelea Talkington,Product Management
londrusq6@arstechnica.com,londrusq6,Ondrus,Leslie Ondrus,Sales
gdenidgeq7@mashable.com,gdenidgeq7,Denidge,Godfree Denidge,Legal
msparrowq8@csmonitor.com,msparrowq8,Sparrow,Manolo Sparrow,Legal
ldrohanq9@soup.io,ldrohanq9,Drohan,Leona Drohan,Accounting
edraudeqa@google.nl,edraudeqa,Draude,Ermengarde Draude,Legal
ihauckqb@pbs.org,ihauckqb,Hauck,Iolanthe Hauck,Product Management
pbartalettiqc@nyu.edu,pbartalettiqc,Bartaletti,Pauly Bartaletti,Services
orenggerqd@theguardian.com,orenggerqd,Rengger,Orlando Rengger,Training
hduckwithqe@ovh.net,hduckwithqe,Duckwith,Hedi Duckwith,Research and Development
wbyerqf@gravatar.com,wbyerqf,Byer,Wade Byer,Human Resources
abruyntjesqg@slideshare.net,abruyntjesqg,Bruyntjes,Arel Bruyntjes,Human Resources
alotzeqh@yahoo.com,alotzeqh,Lotze,Arlen Lotze,Accounting
cchesleyqi@mlb.com,cchesleyqi,Chesley,Chaim Chesley,Sales
imarklinqj@desdev.cn,imarklinqj,Marklin,Idaline Marklin,Legal
gyakoboviczqk@google.com.au,gyakoboviczqk,Yakobovicz,Georgia Yakobovicz,Support
bphilimoreql@ca.gov,bphilimoreql,Philimore,Bernie Philimore,Product Management
vreedyqm@mapquest.com,vreedyqm,Reedy,Valerye Reedy,Product Management
fleirmonthqn@bluehost.com,fleirmonthqn,Leirmonth,Felicle Leirmonth,Research and Development
bballingqo@g.co,bballingqo,Balling,Billye Balling,Engineering
gleacyqp@a8.net,gleacyqp,Leacy,Gearalt Leacy,Sales
eschreiqq@printfriendly.com,eschreiqq,Schrei,Eugenius Schrei,Human Resources
dburnsellqr@scientificamerican.com,dburnsellqr,Burnsell,Dinnie Burnsell,Human Resources
wemberyqs@virginia.edu,wemberyqs,Embery,Willa Embery,Training
tosullivanqt@wikipedia.org,tosullivanqt,O'Sullivan,Toni O'Sullivan,Legal
cantunezqu@nifty.com,cantunezqu,Antunez,Corina Antunez,Human Resources
mabbissqv@icq.com,mabbissqv,Abbiss,Meagan Abbiss,Marketing
sservantqw@goo.ne.jp,sservantqw,Servant,Sheilakathryn Servant,Business Development
eavramovitzqx@state.gov,eavramovitzqx,Avramovitz,Ettore Avramovitz,Human Resources
astebbingqy@cornell.edu,astebbingqy,Stebbing,Ashlin Stebbing,Support
emcgilvrayqz@yahoo.co.jp,emcgilvrayqz,McGilvray,Eloise McGilvray,Business Development
dpepperr0@examiner.com,dpepperr0,Pepper,Dugald Pepper,Accounting
redelmanr1@bigcartel.com,redelmanr1,Edelman,Rhoda Edelman,Support
chugonetr2@pinterest.com,chugonetr2,Hugonet,Cristin Hugonet,Business Development
amalshingerr3@amazon.com,amalshingerr3,Malshinger,Amelina Malshinger,Marketing
ccawderyr4@squidoo.com,ccawderyr4,Cawdery,Claybourne Cawdery,Human Resources
gbencer5@chronoengine.com,gbencer5,Bence,Georgianne Bence,Business Development
jmatokhninr6@twitter.com,jmatokhninr6,Matokhnin,Jacky Matokhnin,Business Development
ndenisr7@so-net.ne.jp,ndenisr7,Denis,Noni Denis,Engineering
sheaphyr8@java.com,sheaphyr8,Heaphy,Sheelagh Heaphy,Marketing
cpodsr9@mashable.com,cpodsr9,Pods,Clayborne Pods,Accounting
yillesleyra@aol.com,yillesleyra,Illesley,Yasmin Illesley,Training
cleftbridgerb@hatena.ne.jp,cleftbridgerb,Leftbridge,Clari Leftbridge,Research and Development
mbeamentrc@dedecms.com,mbeamentrc,Beament,Marchelle Beament,Support
zformiglird@uiuc.edu,zformiglird,Formigli,Zed Formigli,Sales
gmeasorre@surveymonkey.com,gmeasorre,Measor,Goldi Measor,Product Management
mblaxtonrf@canalblog.com,mblaxtonrf,Blaxton,Mandy Blaxton,Legal
stillertonrg@dailymotion.com,stillertonrg,Tillerton,Say Tillerton,Services
mqueripelrh@infoseek.co.jp,mqueripelrh,Queripel,Maure Queripel,Support
rperegrineri@rambler.ru,rperegrineri,Peregrine,Retha Peregrine,Legal
jbehanrj@businessweek.com,jbehanrj,Behan,Jayme Behan,Accounting
xfarrensrk@twitpic.com,xfarrensrk,Farrens,Xever Farrens,Marketing
ccleererl@apple.com,ccleererl,Cleere,Candy Cleere,Human Resources
lhynerm@google.co.jp,lhynerm,Hyne,Liesa Hyne,Support
btaudevinrn@state.gov,btaudevinrn,Taudevin,Barnett Taudevin,Product Management
layllettro@cornell.edu,layllettro,Ayllett,Ladonna Ayllett,Human Resources
gklainerrp@infoseek.co.jp,gklainerrp,Klainer,Gabbie Klainer,Support
tbadcockrq@sphinn.com,tbadcockrq,Badcock,Trish Badcock,Sales
rvintonrr@delicious.com,rvintonrr,Vinton,Rebeca Vinton,Research and Development
